run_id,timestamp,epoch,build_order,phase,template,site_code,target,seconds,note
1789913904-1669380,2026-09-20T16:18:24+02:00,1789913904,parallel,run_start,-,-,-,0,domains=86 targets=20 steps=1720 sbranch=26091920sta
1789913904-1669380,2026-09-20T17:40:13+02:00,1789918813,parallel,prepare,-,-,-,4908,
1789913904-1669380,2026-09-20T18:02:21+02:00,1789920141,parallel,build,21_dias-key,21_dias,ramips-mt76x8,1328,
1789913904-1669380,2026-09-20T18:22:59+02:00,1789921379,parallel,build,21_dias-key,21_dias,rockchip-armv8,1196,
1789913904-1669380,2026-09-20T18:44:06+02:00,1789922646,parallel,build,21_dias-key,21_dias,x86-generic,1264,
1789913904-1669380,2026-09-20T19:14:48+02:00,1789924488,parallel,build,21_dias-key,21_dias,x86-64,1812,
1789913904-1669380,2026-09-20T19:35:21+02:00,1789925721,parallel,build,21_dias-key,21_dias,bcm27xx-bcm2710,1216,
1789913904-1669380,2026-09-20T19:56:14+02:00,1789926974,parallel,build,21_dias-key,21_dias,bcm27xx-bcm2711,1234,
1789913904-1669380,2026-09-20T20:13:20+02:00,1789928000,parallel,build,21_dias,21_dias,bcm27xx-bcm2711,780,
1789913904-1669380,2026-09-20T20:16:20+02:00,1789928180,parallel,build,21_dias,21_dias,x86-generic,775,
1789913904-1669380,2026-09-20T20:24:52+02:00,1789928692,parallel,build,21_dias,21_dias,mediatek-filogic,1712,
1789913904-1669380,2026-09-20T20:25:01+02:00,1789928701,parallel,build,21_dias,21_dias,ramips-mt7620,1542,
1789913904-1669380,2026-09-20T20:25:08+02:00,1789928708,parallel,build,10_wlf-key,10_wlf,bcm27xx-bcm2711,703,
1789913904-1669380,2026-09-20T20:28:04+02:00,1789928884,parallel,build,10_wlf-key,10_wlf,x86-generic,669,
1789913904-1669380,2026-09-20T20:34:39+02:00,1789929279,parallel,build,10_wlf-key,10_wlf,ramips-mt7620,574,
1789913904-1669380,2026-09-20T20:35:06+02:00,1789929306,parallel,build,10_wlf-key,10_wlf,mediatek-filogic,608,
1789913904-1669380,2026-09-20T20:35:28+02:00,1789929328,parallel,build,10_wlf,10_wlf,bcm27xx-bcm2711,619,
1789913904-1669380,2026-09-20T20:39:31+02:00,1789929571,parallel,build,10_wlf,10_wlf,x86-generic,660,
1789913904-1669380,2026-09-20T20:44:29+02:00,1789929869,parallel,build,10_wlf,10_wlf,ramips-mt7620,570,
1789913904-1669380,2026-09-20T20:45:35+02:00,1789929935,parallel,build,48_rdvw-key,48_rdvw,bcm27xx-bcm2711,604,
1789913904-1669380,2026-09-20T20:45:58+02:00,1789929958,parallel,build,10_wlf,10_wlf,mediatek-filogic,631,
1789913904-1669380,2026-09-20T20:46:34+02:00,1789929994,parallel,build,21_dias,21_dias,ipq40xx-generic,2954,
1789913904-1669380,2026-09-20T20:49:35+02:00,1789930175,parallel,build,21_dias,21_dias,ath79-generic,3075,
1789913904-1669380,2026-09-20T20:51:28+02:00,1789930288,parallel,build,48_rdvw-key,48_rdvw,x86-generic,682,
1789913904-1669380,2026-09-20T20:52:07+02:00,1789930327,parallel,build,21_dias,21_dias,mpc85xx-p1010,2982,
1789913904-1669380,2026-09-20T20:52:40+02:00,1789930360,parallel,build,21_dias,21_dias,ipq806x-generic,3075,
1789913904-1669380,2026-09-20T20:54:38+02:00,1789930478,parallel,build,48_rdvw-key,48_rdvw,ramips-mt7620,558,
1789913904-1669380,2026-09-20T20:55:56+02:00,1789930556,parallel,build,48_rdvw,48_rdvw,bcm27xx-bcm2711,605,
1789913904-1669380,2026-09-20T20:56:51+02:00,1789930611,parallel,build,48_rdvw-key,48_rdvw,mediatek-filogic,646,
1789913904-1669380,2026-09-20T20:57:50+02:00,1789930670,parallel,build,10_wlf-key,10_wlf,ipq40xx-generic,668,
1789913904-1669380,2026-09-20T21:00:52+02:00,1789930852,parallel,build,48_rdvw,48_rdvw,x86-generic,545,
1789913904-1669380,2026-09-20T21:01:04+02:00,1789930864,parallel,build,10_wlf-key,10_wlf,mpc85xx-p1010,530,
1789913904-1669380,2026-09-20T21:01:48+02:00,1789930908,parallel,build,10_wlf-key,10_wlf,ipq806x-generic,518,
1789913904-1669380,2026-09-20T21:02:59+02:00,1789930979,parallel,build,48_rdvw,48_rdvw,ramips-mt7620,449,
1789913904-1669380,2026-09-20T21:04:38+02:00,1789931078,parallel,build,10_wlf-key,10_wlf,ath79-generic,843,
1789913904-1669380,2026-09-20T21:06:23+02:00,1789931183,parallel,build,05_mon-key,05_mon,bcm27xx-bcm2711,585,
1789913904-1669380,2026-09-20T21:07:11+02:00,1789931231,parallel,build,48_rdvw,48_rdvw,mediatek-filogic,615,
1789913904-1669380,2026-09-20T21:08:39+02:00,1789931319,parallel,build,10_wlf,10_wlf,ipq40xx-generic,601,
1789913904-1669380,2026-09-20T21:11:02+02:00,1789931462,parallel,build,10_wlf,10_wlf,mpc85xx-p1010,596,
1789913904-1669380,2026-09-20T21:11:56+02:00,1789931516,parallel,build,10_wlf,10_wlf,ipq806x-generic,583,
1789913904-1669380,2026-09-20T21:12:05+02:00,1789931525,parallel,build,05_mon-key,05_mon,x86-generic,669,
1789913904-1669380,2026-09-20T21:12:44+02:00,1789931564,parallel,build,05_mon-key,05_mon,ramips-mt7620,493,
1789913904-1669380,2026-09-20T21:14:11+02:00,1789931651,parallel,build,05_mon,05_mon,bcm27xx-bcm2711,440,
1789913904-1669380,2026-09-20T21:15:36+02:00,1789931736,parallel,build,05_mon-key,05_mon,mediatek-filogic,478,
1789913904-1669380,2026-09-20T21:17:57+02:00,1789931877,parallel,build,10_wlf,10_wlf,ath79-generic,731,
1789913904-1669380,2026-09-20T21:18:14+02:00,1789931894,parallel,build,48_rdvw-key,48_rdvw,ipq40xx-generic,527,
1789913904-1669380,2026-09-20T21:20:07+02:00,1789932007,parallel,build,48_rdvw-key,48_rdvw,mpc85xx-p1010,515,
1789913904-1669380,2026-09-20T21:20:43+02:00,1789932043,parallel,build,48_rdvw-key,48_rdvw,ipq806x-generic,521,
1789913904-1669380,2026-09-20T21:21:22+02:00,1789932082,parallel,build,05_mon,05_mon,x86-generic,556,
1789913904-1669380,2026-09-20T21:21:59+02:00,1789932119,parallel,build,05_mon,05_mon,ramips-mt7620,521,
1789913904-1669380,2026-09-20T21:23:17+02:00,1789932197,parallel,build,13_dusfl-key,13_dusfl,bcm27xx-bcm2711,519,
1789913904-1669380,2026-09-20T21:24:47+02:00,1789932287,parallel,build,05_mon,05_mon,mediatek-filogic,519,
1789913904-1669380,2026-09-20T21:26:48+02:00,1789932408,parallel,build,48_rdvw,48_rdvw,ipq40xx-generic,469,
1789913904-1669380,2026-09-20T21:28:23+02:00,1789932503,parallel,build,48_rdvw,48_rdvw,mpc85xx-p1010,486,
1789913904-1669380,2026-09-20T21:29:31+02:00,1789932571,parallel,build,48_rdvw,48_rdvw,ipq806x-generic,520,
1789913904-1669380,2026-09-20T21:30:15+02:00,1789932615,parallel,build,13_dusfl-key,13_dusfl,ramips-mt7620,468,
1789913904-1669380,2026-09-20T21:31:42+02:00,1789932702,parallel,build,48_rdvw-key,48_rdvw,ath79-generic,768,
1789913904-1669380,2026-09-20T21:32:04+02:00,1789932724,parallel,build,13_dusfl-key,13_dusfl,x86-generic,613,
1789913904-1669380,2026-09-20T21:33:30+02:00,1789932810,parallel,build,13_dusfl,13_dusfl,bcm27xx-bcm2711,592,
1789913904-1669380,2026-09-20T21:34:28+02:00,1789932868,parallel,build,13_dusfl-key,13_dusfl,mediatek-filogic,555,
1789913904-1669380,2026-09-20T21:36:14+02:00,1789932974,parallel,build,05_mon-key,05_mon,ipq40xx-generic,514,
1789913904-1669380,2026-09-20T21:37:16+02:00,1789933036,parallel,build,05_mon-key,05_mon,mpc85xx-p1010,499,
1789913904-1669380,2026-09-20T21:37:59+02:00,1789933079,parallel,build,05_mon-key,05_mon,ipq806x-generic,500,
1789913904-1669380,2026-09-20T21:38:30+02:00,1789933110,parallel,build,13_dusfl,13_dusfl,ramips-mt7620,416,
1789913904-1669380,2026-09-20T21:40:35+02:00,1789933235,parallel,build,13_dusfl,13_dusfl,x86-generic,460,
1789913904-1669380,2026-09-20T21:40:58+02:00,1789933258,parallel,build,12_dusuk-key,12_dusuk,bcm27xx-bcm2711,422,
1789913904-1669380,2026-09-20T21:42:19+02:00,1789933339,parallel,build,13_dusfl,13_dusfl,mediatek-filogic,432,
1789913904-1669380,2026-09-20T21:44:03+02:00,1789933443,parallel,build,48_rdvw,48_rdvw,ath79-generic,686,
1789913904-1669380,2026-09-20T21:45:34+02:00,1789933534,parallel,build,05_mon,05_mon,mpc85xx-p1010,494,
1789913904-1669380,2026-09-20T21:46:24+02:00,1789933584,parallel,build,05_mon,05_mon,ipq40xx-generic,560,
1789913904-1669380,2026-09-20T21:47:28+02:00,1789933648,parallel,build,05_mon,05_mon,ipq806x-generic,565,
1789913904-1669380,2026-09-20T21:48:18+02:00,1789933698,parallel,build,12_dusuk-key,12_dusuk,ramips-mt7620,582,
1789913904-1669380,2026-09-20T21:50:38+02:00,1789933838,parallel,build,12_dusuk,12_dusuk,bcm27xx-bcm2711,577,
1789913904-1669380,2026-09-20T21:51:21+02:00,1789933881,parallel,build,12_dusuk-key,12_dusuk,x86-generic,641,
1789913904-1669380,2026-09-20T21:52:44+02:00,1789933964,parallel,build,12_dusuk-key,12_dusuk,mediatek-filogic,530,
1789913904-1669380,2026-09-20T21:53:45+02:00,1789934025,parallel,build,13_dusfl-key,13_dusfl,mpc85xx-p1010,453,
1789913904-1669380,2026-09-20T21:54:53+02:00,1789934093,parallel,build,13_dusfl-key,13_dusfl,ipq40xx-generic,478,
1789913904-1669380,2026-09-20T21:55:14+02:00,1789934114,parallel,build,13_dusfl-key,13_dusfl,ipq806x-generic,442,
1789913904-1669380,2026-09-20T21:55:38+02:00,1789934138,parallel,build,12_dusuk,12_dusuk,ramips-mt7620,435,
1789913904-1669380,2026-09-20T21:56:57+02:00,1789934217,parallel,build,05_mon-key,05_mon,ath79-generic,721,
1789913904-1669380,2026-09-20T21:59:02+02:00,1789934342,parallel,build,01_vel-key,01_vel,bcm27xx-bcm2711,473,
1789913904-1669380,2026-09-20T22:00:12+02:00,1789934412,parallel,build,12_dusuk,12_dusuk,x86-generic,527,
1789913904-1669380,2026-09-20T22:01:21+02:00,1789934481,parallel,build,12_dusuk,12_dusuk,mediatek-filogic,489,
1789913904-1669380,2026-09-20T22:01:56+02:00,1789934516,parallel,build,13_dusfl,13_dusfl,mpc85xx-p1010,476,
1789913904-1669380,2026-09-20T22:03:21+02:00,1789934601,parallel,build,13_dusfl,13_dusfl,ipq806x-generic,483,
1789913904-1669380,2026-09-20T22:03:56+02:00,1789934636,parallel,build,13_dusfl,13_dusfl,ipq40xx-generic,535,
1789913904-1669380,2026-09-20T22:04:08+02:00,1789934648,parallel,build,01_vel-key,01_vel,ramips-mt7620,477,
1789913904-1669380,2026-09-20T22:07:07+02:00,1789934827,parallel,build,01_vel,01_vel,bcm27xx-bcm2711,448,
1789913904-1669380,2026-09-20T22:09:19+02:00,1789934959,parallel,build,05_mon,05_mon,ath79-generic,695,
1789913904-1669380,2026-09-20T22:10:44+02:00,1789935044,parallel,build,12_dusuk-key,12_dusuk,mpc85xx-p1010,524,
1789913904-1669380,2026-09-20T22:10:45+02:00,1789935045,parallel,build,01_vel-key,01_vel,x86-generic,595,
1789913904-1669380,2026-09-20T22:10:52+02:00,1789935052,parallel,build,01_vel-key,01_vel,mediatek-filogic,551,
1789913904-1669380,2026-09-20T22:12:16+02:00,1789935136,parallel,build,12_dusuk-key,12_dusuk,ipq806x-generic,505,
1789913904-1669380,2026-09-20T22:12:53+02:00,1789935173,parallel,build,12_dusuk-key,12_dusuk,ipq40xx-generic,532,
1789913904-1669380,2026-09-20T22:13:48+02:00,1789935228,parallel,build,01_vel,01_vel,ramips-mt7620,579,
1789913904-1669380,2026-09-20T22:16:18+02:00,1789935378,parallel,build,02_met-key,02_met,bcm27xx-bcm2711,546,
1789913904-1669380,2026-09-20T22:18:06+02:00,1789935486,parallel,build,12_dusuk,12_dusuk,mpc85xx-p1010,403,
1789913904-1669380,2026-09-20T22:19:06+02:00,1789935546,parallel,build,01_vel,01_vel,mediatek-filogic,463,
1789913904-1669380,2026-09-20T22:20:00+02:00,1789935600,parallel,build,01_vel,01_vel,x86-generic,517,
1789913904-1669380,2026-09-20T22:20:19+02:00,1789935619,parallel,build,12_dusuk,12_dusuk,ipq806x-generic,475,
1789913904-1669380,2026-09-20T22:21:17+02:00,1789935677,parallel,build,02_met-key,02_met,ramips-mt7620,446,
1789913904-1669380,2026-09-20T22:21:33+02:00,1789935693,parallel,build,12_dusuk,12_dusuk,ipq40xx-generic,472,
1789913904-1669380,2026-09-20T22:21:47+02:00,1789935707,parallel,build,13_dusfl-key,13_dusfl,ath79-generic,673,
1789913904-1669380,2026-09-20T22:24:43+02:00,1789935883,parallel,build,02_met,02_met,bcm27xx-bcm2711,498,
1789913904-1669380,2026-09-20T22:26:15+02:00,1789935975,parallel,build,01_vel-key,01_vel,mpc85xx-p1010,450,
1789913904-1669380,2026-09-20T22:27:03+02:00,1789936023,parallel,build,02_met-key,02_met,mediatek-filogic,445,
1789913904-1669380,2026-09-20T22:27:54+02:00,1789936074,parallel,build,02_met-key,02_met,x86-generic,471,
1789913904-1669380,2026-09-20T22:28:02+02:00,1789936082,parallel,build,01_vel-key,01_vel,ipq806x-generic,440,
1789913904-1669380,2026-09-20T22:29:22+02:00,1789936162,parallel,build,02_met,02_met,ramips-mt7620,406,
1789913904-1669380,2026-09-20T22:30:23+02:00,1789936223,parallel,build,01_vel-key,01_vel,ipq40xx-generic,467,
1789913904-1669380,2026-09-20T22:32:20+02:00,1789936340,parallel,build,03_rat-key,03_rat,bcm27xx-bcm2711,448,
1789913904-1669380,2026-09-20T22:34:44+02:00,1789936484,parallel,build,13_dusfl,13_dusfl,ath79-generic,692,
1789913904-1669380,2026-09-20T22:34:44+02:00,1789936484,parallel,build,01_vel,01_vel,mpc85xx-p1010,463,
1789913904-1669380,2026-09-20T22:35:05+02:00,1789936505,parallel,build,02_met,02_met,mediatek-filogic,475,
1789913904-1669380,2026-09-20T22:36:32+02:00,1789936592,parallel,build,01_vel,01_vel,ipq806x-generic,507,
1789913904-1669380,2026-09-20T22:37:08+02:00,1789936628,parallel,build,02_met,02_met,x86-generic,548,
1789913904-1669380,2026-09-20T22:38:13+02:00,1789936693,parallel,build,03_rat-key,03_rat,ramips-mt7620,491,
1789913904-1669380,2026-09-20T22:39:33+02:00,1789936773,parallel,build,01_vel,01_vel,ipq40xx-generic,539,
1789913904-1669380,2026-09-20T22:42:13+02:00,1789936933,parallel,build,03_rat,03_rat,bcm27xx-bcm2711,564,
1789913904-1669380,2026-09-20T22:44:00+02:00,1789937040,parallel,build,02_met-key,02_met,mpc85xx-p1010,479,
1789913904-1669380,2026-09-20T22:45:09+02:00,1789937109,parallel,build,03_rat-key,03_rat,mediatek-filogic,544,
1789913904-1669380,2026-09-20T22:45:33+02:00,1789937133,parallel,build,02_met-key,02_met,ipq806x-generic,533,
1789913904-1669380,2026-09-20T22:46:51+02:00,1789937211,parallel,build,03_rat,03_rat,ramips-mt7620,488,
1789913904-1669380,2026-09-20T22:47:15+02:00,1789937235,parallel,build,03_rat-key,03_rat,x86-generic,574,
1789913904-1669380,2026-09-20T22:49:26+02:00,1789937366,parallel,build,12_dusuk-key,12_dusuk,ath79-generic,805,
1789913904-1669380,2026-09-20T22:49:39+02:00,1789937379,parallel,build,02_met-key,02_met,ipq40xx-generic,566,
1789913904-1669380,2026-09-20T22:51:46+02:00,1789937506,parallel,build,04_hld-key,04_hld,bcm27xx-bcm2711,535,
1789913904-1669380,2026-09-20T22:52:34+02:00,1789937554,parallel,build,02_met,02_met,mpc85xx-p1010,465,
1789913904-1669380,2026-09-20T22:53:50+02:00,1789937630,parallel,build,02_met,02_met,ipq806x-generic,495,
1789913904-1669380,2026-09-20T22:54:47+02:00,1789937687,parallel,build,03_rat,03_rat,mediatek-filogic,569,
1789913904-1669380,2026-09-20T22:56:04+02:00,1789937764,parallel,build,04_hld-key,04_hld,ramips-mt7620,532,
1789913904-1669380,2026-09-20T22:56:47+02:00,1789937807,parallel,build,03_rat,03_rat,x86-generic,570,
1789913904-1669380,2026-09-20T22:58:48+02:00,1789937928,parallel,build,02_met,02_met,ipq40xx-generic,502,
1789913904-1669380,2026-09-20T23:00:32+02:00,1789938032,parallel,build,04_hld,04_hld,bcm27xx-bcm2711,516,
1789913904-1669380,2026-09-20T23:01:34+02:00,1789938094,parallel,build,03_rat-key,03_rat,mpc85xx-p1010,510,
1789913904-1669380,2026-09-20T23:02:48+02:00,1789938168,parallel,build,12_dusuk,12_dusuk,ath79-generic,760,
1789913904-1669380,2026-09-20T23:03:11+02:00,1789938191,parallel,build,03_rat-key,03_rat,ipq806x-generic,521,
1789913904-1669380,2026-09-20T23:03:45+02:00,1789938225,parallel,build,04_hld-key,04_hld,mediatek-filogic,510,
1789913904-1669380,2026-09-20T23:04:42+02:00,1789938282,parallel,build,04_hld,04_hld,ramips-mt7620,511,
1789913904-1669380,2026-09-20T23:05:35+02:00,1789938335,parallel,build,04_hld-key,04_hld,x86-generic,496,
1789913904-1669380,2026-09-20T23:06:52+02:00,1789938412,parallel,build,03_rat-key,03_rat,ipq40xx-generic,447,
1789913904-1669380,2026-09-20T23:07:48+02:00,1789938468,parallel,build,06_han-key,06_han,bcm27xx-bcm2711,396,
1789913904-1669380,2026-09-20T23:09:03+02:00,1789938543,parallel,build,03_rat,03_rat,mpc85xx-p1010,411,
1789913904-1669380,2026-09-20T23:09:27+02:00,1789938567,parallel,build,03_rat,03_rat,ipq806x-generic,371,
1789913904-1669380,2026-09-20T23:10:58+02:00,1789938658,parallel,build,04_hld,04_hld,mediatek-filogic,399,
1789913904-1669380,2026-09-20T23:11:09+02:00,1789938669,parallel,build,06_han-key,06_han,ramips-mt7620,378,
1789913904-1669380,2026-09-20T23:12:53+02:00,1789938773,parallel,build,01_vel-key,01_vel,ath79-generic,596,
1789913904-1669380,2026-09-20T23:14:06+02:00,1789938846,parallel,build,04_hld,04_hld,x86-generic,504,
1789913904-1669380,2026-09-20T23:15:06+02:00,1789938906,parallel,build,03_rat,03_rat,ipq40xx-generic,483,
1789913904-1669380,2026-09-20T23:15:45+02:00,1789938945,parallel,build,06_han,06_han,bcm27xx-bcm2711,469,
1789913904-1669380,2026-09-20T23:16:31+02:00,1789938991,parallel,build,04_hld-key,04_hld,mpc85xx-p1010,434,
1789913904-1669380,2026-09-20T23:16:47+02:00,1789939007,parallel,build,04_hld-key,04_hld,ipq806x-generic,434,
1789913904-1669380,2026-09-20T23:18:29+02:00,1789939109,parallel,build,06_han,06_han,ramips-mt7620,423,
1789913904-1669380,2026-09-20T23:18:50+02:00,1789939130,parallel,build,06_han-key,06_han,mediatek-filogic,445,
1789913904-1669380,2026-09-20T23:21:46+02:00,1789939306,parallel,build,06_han-key,06_han,x86-generic,429,
1789913904-1669380,2026-09-20T23:22:49+02:00,1789939369,parallel,build,04_hld-key,04_hld,ipq40xx-generic,425,
1789913904-1669380,2026-09-20T23:22:54+02:00,1789939374,parallel,build,07_erk-key,07_erk,bcm27xx-bcm2711,410,
1789913904-1669380,2026-09-20T23:23:19+02:00,1789939399,parallel,build,04_hld,04_hld,mpc85xx-p1010,400,
1789913904-1669380,2026-09-20T23:23:20+02:00,1789939400,parallel,build,01_vel,01_vel,ath79-generic,594,
1789913904-1669380,2026-09-20T23:25:38+02:00,1789939538,parallel,build,04_hld,04_hld,ipq806x-generic,529,
1789913904-1669380,2026-09-20T23:27:03+02:00,1789939623,parallel,build,07_erk-key,07_erk,ramips-mt7620,493,
1789913904-1669380,2026-09-20T23:28:10+02:00,1789939690,parallel,build,06_han,06_han,mediatek-filogic,556,
1789913904-1669380,2026-09-20T23:31:05+02:00,1789939865,parallel,build,06_han,06_han,x86-generic,521,
1789913904-1669380,2026-09-20T23:32:29+02:00,1789939949,parallel,build,06_han-key,06_han,mpc85xx-p1010,438,
1789913904-1669380,2026-09-20T23:33:09+02:00,1789939989,parallel,build,07_erk,07_erk,bcm27xx-bcm2711,521,
1789913904-1669380,2026-09-20T23:33:26+02:00,1789940006,parallel,build,04_hld,04_hld,ipq40xx-generic,539,
1789913904-1669380,2026-09-20T23:33:43+02:00,1789940023,parallel,build,06_han-key,06_han,ipq806x-generic,480,
1789913904-1669380,2026-09-20T23:35:14+02:00,1789940114,parallel,build,07_erk,07_erk,ramips-mt7620,449,
1789913904-1669380,2026-09-20T23:36:46+02:00,1789940206,parallel,build,02_met-key,02_met,ath79-generic,693,
1789913904-1669380,2026-09-20T23:36:54+02:00,1789940214,parallel,build,07_erk-key,07_erk,mediatek-filogic,522,
1789913904-1669380,2026-09-20T23:40:44+02:00,1789940444,parallel,build,06_han,06_han,mpc85xx-p1010,464,
1789913904-1669380,2026-09-20T23:40:50+02:00,1789940450,parallel,build,07_erk-key,07_erk,x86-generic,542,
1789913904-1669380,2026-09-20T23:41:22+02:00,1789940482,parallel,build,08_hlg-key,08_hlg,bcm27xx-bcm2711,489,
1789913904-1669380,2026-09-20T23:42:33+02:00,1789940553,parallel,build,06_han,06_han,ipq806x-generic,528,
1789913904-1669380,2026-09-20T23:42:47+02:00,1789940567,parallel,build,06_han-key,06_han,ipq40xx-generic,550,
1789913904-1669380,2026-09-20T23:43:58+02:00,1789940638,parallel,build,08_hlg-key,08_hlg,ramips-mt7620,515,
1789913904-1669380,2026-09-20T23:46:21+02:00,1789940781,parallel,build,07_erk,07_erk,mediatek-filogic,510,
1789913904-1669380,2026-09-20T23:48:31+02:00,1789940911,parallel,build,07_erk-key,07_erk,mpc85xx-p1010,463,
1789913904-1669380,2026-09-20T23:49:56+02:00,1789940996,parallel,build,02_met,02_met,ath79-generic,726,
1789913904-1669380,2026-09-20T23:49:58+02:00,1789940998,parallel,build,08_hlg,08_hlg,bcm27xx-bcm2711,468,
1789913904-1669380,2026-09-20T23:51:55+02:00,1789941115,parallel,build,07_erk-key,07_erk,ipq806x-generic,559,
1789913904-1669380,2026-09-20T23:52:03+02:00,1789941123,parallel,build,06_han,06_han,ipq40xx-generic,552,
1789913904-1669380,2026-09-20T23:52:04+02:00,1789941124,parallel,build,07_erk,07_erk,x86-generic,651,
1789913904-1669380,2026-09-20T23:53:00+02:00,1789941180,parallel,build,08_hlg,08_hlg,ramips-mt7620,504,
1789913904-1669380,2026-09-20T23:55:02+02:00,1789941302,parallel,build,08_hlg-key,08_hlg,mediatek-filogic,498,
1789913904-1669380,2026-09-20T23:56:26+02:00,1789941386,parallel,build,07_erk,07_erk,mpc85xx-p1010,435,
1789913904-1669380,2026-09-20T23:58:39+02:00,1789941519,parallel,build,09_lgf-key,09_lgf,bcm27xx-bcm2711,422,
1789913904-1669380,2026-09-20T23:59:27+02:00,1789941567,parallel,build,07_erk,07_erk,ipq806x-generic,448,
1789913904-1669380,2026-09-21T00:00:17+02:00,1789941617,parallel,build,07_erk-key,07_erk,ipq40xx-generic,485,
1789913904-1669380,2026-09-21T00:01:01+02:00,1789941661,parallel,build,08_hlg-key,08_hlg,x86-generic,528,
1789913904-1669380,2026-09-21T00:01:17+02:00,1789941677,parallel,build,09_lgf-key,09_lgf,ramips-mt7620,468,
1789913904-1669380,2026-09-21T00:02:49+02:00,1789941769,parallel,build,03_rat-key,03_rat,ath79-generic,672,
1789913904-1669380,2026-09-21T00:04:02+02:00,1789941842,parallel,build,08_hlg,08_hlg,mediatek-filogic,531,
1789913904-1669380,2026-09-21T00:04:58+02:00,1789941898,parallel,build,08_hlg-key,08_hlg,mpc85xx-p1010,465,
1789913904-1669380,2026-09-21T00:06:50+02:00,1789942010,parallel,build,09_lgf,09_lgf,bcm27xx-bcm2711,476,
1789913904-1669380,2026-09-21T00:07:31+02:00,1789942051,parallel,build,08_hlg-key,08_hlg,ipq806x-generic,467,
1789913904-1669380,2026-09-21T00:08:32+02:00,1789942112,parallel,build,07_erk,07_erk,ipq40xx-generic,464,
1789913904-1669380,2026-09-21T00:09:15+02:00,1789942155,parallel,build,09_lgf,09_lgf,ramips-mt7620,467,
1789913904-1669380,2026-09-21T00:10:41+02:00,1789942241,parallel,build,08_hlg,08_hlg,x86-generic,555,
1789913904-1669380,2026-09-21T00:12:26+02:00,1789942346,parallel,build,09_lgf-key,09_lgf,mediatek-filogic,500,
1789913904-1669380,2026-09-21T00:13:12+02:00,1789942392,parallel,build,08_hlg,08_hlg,mpc85xx-p1010,489,
1789913904-1669380,2026-09-21T00:14:57+02:00,1789942497,parallel,build,08_hlg,08_hlg,ipq806x-generic,445,
1789913904-1669380,2026-09-21T00:16:15+02:00,1789942575,parallel,build,11_lvr-key,11_lvr,bcm27xx-bcm2711,526,
1789913904-1669380,2026-09-21T00:16:41+02:00,1789942601,parallel,build,03_rat,03_rat,ath79-generic,770,
1789913904-1669380,2026-09-21T00:18:03+02:00,1789942683,parallel,build,11_lvr-key,11_lvr,ramips-mt7620,473,
1789913904-1669380,2026-09-21T00:18:23+02:00,1789942703,parallel,build,08_hlg-key,08_hlg,ipq40xx-generic,494,
1789913904-1669380,2026-09-21T00:19:29+02:00,1789942769,parallel,build,09_lgf-key,09_lgf,x86-generic,522,
1789913904-1669380,2026-09-21T00:21:26+02:00,1789942886,parallel,build,09_lgf,09_lgf,mediatek-filogic,529,
1789913904-1669380,2026-09-21T00:21:52+02:00,1789942912,parallel,build,09_lgf-key,09_lgf,mpc85xx-p1010,503,
1789913904-1669380,2026-09-21T00:23:35+02:00,1789943015,parallel,build,09_lgf-key,09_lgf,ipq806x-generic,440,
1789913904-1669380,2026-09-21T00:24:09+02:00,1789943049,parallel,build,11_lvr,11_lvr,bcm27xx-bcm2711,450,
1789913904-1669380,2026-09-21T00:26:08+02:00,1789943168,parallel,build,11_lvr,11_lvr,ramips-mt7620,436,
1789913904-1669380,2026-09-21T00:27:00+02:00,1789943220,parallel,build,08_hlg,08_hlg,ipq40xx-generic,480,
1789913904-1669380,2026-09-21T00:28:21+02:00,1789943301,parallel,build,09_lgf,09_lgf,x86-generic,499,
1789913904-1669380,2026-09-21T00:29:31+02:00,1789943371,parallel,build,04_hld-key,04_hld,ath79-generic,741,
1789913904-1669380,2026-09-21T00:30:38+02:00,1789943438,parallel,build,09_lgf,09_lgf,mpc85xx-p1010,500,
1789913904-1669380,2026-09-21T00:30:39+02:00,1789943439,parallel,build,11_lvr-key,11_lvr,mediatek-filogic,533,
1789913904-1669380,2026-09-21T00:32:57+02:00,1789943577,parallel,build,09_lgf,09_lgf,ipq806x-generic,536,
1789913904-1669380,2026-09-21T00:33:34+02:00,1789943614,parallel,build,14_bar-key,14_bar,bcm27xx-bcm2711,559,
1789913904-1669380,2026-09-21T00:35:22+02:00,1789943722,parallel,build,14_bar-key,14_bar,ramips-mt7620,532,
1789913904-1669380,2026-09-21T00:36:21+02:00,1789943781,parallel,build,09_lgf-key,09_lgf,ipq40xx-generic,512,
1789913904-1669380,2026-09-21T00:37:42+02:00,1789943862,parallel,build,11_lvr-key,11_lvr,x86-generic,498,
1789913904-1669380,2026-09-21T00:38:14+02:00,1789943894,parallel,build,11_lvr-key,11_lvr,mpc85xx-p1010,403,
1789913904-1669380,2026-09-21T00:38:37+02:00,1789943917,parallel,build,11_lvr,11_lvr,mediatek-filogic,426,
1789913904-1669380,2026-09-21T00:40:23+02:00,1789944023,parallel,build,11_lvr-key,11_lvr,ipq806x-generic,416,
1789913904-1669380,2026-09-21T00:40:33+02:00,1789944033,parallel,build,14_bar,14_bar,bcm27xx-bcm2711,416,
1789913904-1669380,2026-09-21T00:40:48+02:00,1789944048,parallel,build,04_hld,04_hld,ath79-generic,667,
1789913904-1669380,2026-09-21T00:43:01+02:00,1789944181,parallel,build,14_bar,14_bar,ramips-mt7620,446,
1789913904-1669380,2026-09-21T00:44:28+02:00,1789944268,parallel,build,09_lgf,09_lgf,ipq40xx-generic,467,
1789913904-1669380,2026-09-21T00:46:09+02:00,1789944369,parallel,build,11_lvr,11_lvr,mpc85xx-p1010,452,
1789913904-1669380,2026-09-21T00:46:42+02:00,1789944402,parallel,build,11_lvr,11_lvr,x86-generic,527,
1789913904-1669380,2026-09-21T00:47:04+02:00,1789944424,parallel,build,14_bar-key,14_bar,mediatek-filogic,486,
1789913904-1669380,2026-09-21T00:48:35+02:00,1789944515,parallel,build,11_lvr,11_lvr,ipq806x-generic,426,
1789913904-1669380,2026-09-21T00:49:07+02:00,1789944547,parallel,build,15_mrh-key,15_mrh,bcm27xx-bcm2711,458,
1789913904-1669380,2026-09-21T00:50:36+02:00,1789944636,parallel,build,15_mrh-key,15_mrh,ramips-mt7620,423,
1789913904-1669380,2026-09-21T00:54:08+02:00,1789944848,parallel,build,11_lvr-key,11_lvr,ipq40xx-generic,568,
1789913904-1669380,2026-09-21T00:54:23+02:00,1789944863,parallel,build,06_han-key,06_han,ath79-generic,739,
1789913904-1669380,2026-09-21T00:55:07+02:00,1789944907,parallel,build,14_bar-key,14_bar,mpc85xx-p1010,507,
1789913904-1669380,2026-09-21T00:56:10+02:00,1789944970,parallel,build,14_bar-key,14_bar,x86-generic,567,
1789913904-1669380,2026-09-21T00:56:19+02:00,1789944979,parallel,build,14_bar,14_bar,mediatek-filogic,548,
1789913904-1669380,2026-09-21T00:57:35+02:00,1789945055,parallel,build,14_bar-key,14_bar,ipq806x-generic,509,
1789913904-1669380,2026-09-21T00:57:50+02:00,1789945070,parallel,build,15_mrh,15_mrh,bcm27xx-bcm2711,519,
1789913904-1669380,2026-09-21T00:58:57+02:00,1789945137,parallel,build,15_mrh,15_mrh,ramips-mt7620,476,
1789913904-1669380,2026-09-21T01:01:04+02:00,1789945264,parallel,build,11_lvr,11_lvr,ipq40xx-generic,406,
1789913904-1669380,2026-09-21T01:01:52+02:00,1789945312,parallel,build,14_bar,14_bar,mpc85xx-p1010,399,
1789913904-1669380,2026-09-21T01:03:39+02:00,1789945419,parallel,build,15_mrh-key,15_mrh,mediatek-filogic,422,
1789913904-1669380,2026-09-21T01:04:20+02:00,1789945460,parallel,build,06_han,06_han,ath79-generic,582,
1789913904-1669380,2026-09-21T01:04:55+02:00,1789945495,parallel,build,14_bar,14_bar,x86-generic,498,
1789913904-1669380,2026-09-21T01:04:59+02:00,1789945499,parallel,build,14_bar,14_bar,ipq806x-generic,435,
1789913904-1669380,2026-09-21T01:05:15+02:00,1789945515,parallel,build,16_gmb-key,16_gmb,bcm27xx-bcm2711,442,
1789913904-1669380,2026-09-21T01:06:06+02:00,1789945566,parallel,build,16_gmb-key,16_gmb,ramips-mt7620,418,
1789913904-1669380,2026-09-21T01:08:41+02:00,1789945721,parallel,build,15_mrh-key,15_mrh,mpc85xx-p1010,404,
1789913904-1669380,2026-09-21T01:09:08+02:00,1789945748,parallel,build,14_bar-key,14_bar,ipq40xx-generic,437,
1789913904-1669380,2026-09-21T01:11:54+02:00,1789945914,parallel,build,15_mrh,15_mrh,mediatek-filogic,470,
1789913904-1669380,2026-09-21T01:12:41+02:00,1789945961,parallel,build,15_mrh-key,15_mrh,ipq806x-generic,460,
1789913904-1669380,2026-09-21T01:13:09+02:00,1789945989,parallel,build,16_gmb,16_gmb,bcm27xx-bcm2711,472,
1789913904-1669380,2026-09-21T01:13:25+02:00,1789946005,parallel,build,15_mrh-key,15_mrh,x86-generic,507,
1789913904-1669380,2026-09-21T01:14:02+02:00,1789946042,parallel,build,16_gmb,16_gmb,ramips-mt7620,447,
1789913904-1669380,2026-09-21T01:16:01+02:00,1789946161,parallel,build,07_erk-key,07_erk,ath79-generic,679,
1789913904-1669380,2026-09-21T01:17:00+02:00,1789946220,parallel,build,15_mrh,15_mrh,mpc85xx-p1010,488,
1789913904-1669380,2026-09-21T01:17:50+02:00,1789946270,parallel,build,14_bar,14_bar,ipq40xx-generic,517,
1789913904-1669380,2026-09-21T01:20:15+02:00,1789946415,parallel,build,16_gmb-key,16_gmb,mediatek-filogic,474,
1789913904-1669380,2026-09-21T01:20:24+02:00,1789946424,parallel,build,15_mrh,15_mrh,ipq806x-generic,456,
1789913904-1669380,2026-09-21T01:21:14+02:00,1789946474,parallel,build,17_wip-key,17_wip,bcm27xx-bcm2711,481,
1789913904-1669380,2026-09-21T01:21:47+02:00,1789946507,parallel,build,17_wip-key,17_wip,ramips-mt7620,460,
1789913904-1669380,2026-09-21T01:22:04+02:00,1789946524,parallel,build,15_mrh,15_mrh,x86-generic,516,
1789913904-1669380,2026-09-21T01:23:57+02:00,1789946637,parallel,build,16_gmb-key,16_gmb,mpc85xx-p1010,410,
1789913904-1669380,2026-09-21T01:25:18+02:00,1789946718,parallel,build,15_mrh-key,15_mrh,ipq40xx-generic,408,
1789913904-1669380,2026-09-21T01:26:59+02:00,1789946819,parallel,build,07_erk,07_erk,ath79-generic,635,
1789913904-1669380,2026-09-21T01:27:51+02:00,1789946871,parallel,build,16_gmb-key,16_gmb,ipq806x-generic,427,
1789913904-1669380,2026-09-21T01:27:59+02:00,1789946879,parallel,build,16_gmb,16_gmb,mediatek-filogic,435,
1789913904-1669380,2026-09-21T01:28:53+02:00,1789946933,parallel,build,17_wip,17_wip,bcm27xx-bcm2711,452,
1789913904-1669380,2026-09-21T01:29:21+02:00,1789946961,parallel,build,17_wip,17_wip,ramips-mt7620,445,
1789913904-1669380,2026-09-21T01:30:12+02:00,1789947012,parallel,build,16_gmb-key,16_gmb,x86-generic,484,
1789913904-1669380,2026-09-21T01:31:16+02:00,1789947076,parallel,build,16_gmb,16_gmb,mpc85xx-p1010,431,
1789913904-1669380,2026-09-21T01:32:56+02:00,1789947176,parallel,build,15_mrh,15_mrh,ipq40xx-generic,449,
1789913904-1669380,2026-09-21T01:34:47+02:00,1789947287,parallel,build,16_gmb,16_gmb,ipq806x-generic,383,
1789913904-1669380,2026-09-21T01:35:09+02:00,1789947309,parallel,build,17_wip-key,17_wip,mediatek-filogic,405,
1789913904-1669380,2026-09-21T01:35:35+02:00,1789947335,parallel,build,19_agi-key,19_agi,bcm27xx-bcm2711,387,
1789913904-1669380,2026-09-21T01:35:43+02:00,1789947343,parallel,build,19_agi-key,19_agi,ramips-mt7620,375,
1789913904-1669380,2026-09-21T01:37:11+02:00,1789947431,parallel,build,08_hlg-key,08_hlg,ath79-generic,589,
1789913904-1669380,2026-09-21T01:37:14+02:00,1789947434,parallel,build,16_gmb,16_gmb,x86-generic,415,
1789913904-1669380,2026-09-21T01:38:14+02:00,1789947494,parallel,build,17_wip-key,17_wip,mpc85xx-p1010,414,
1789913904-1669380,2026-09-21T01:40:37+02:00,1789947637,parallel,build,16_gmb-key,16_gmb,ipq40xx-generic,448,
1789913904-1669380,2026-09-21T01:42:29+02:00,1789947749,parallel,build,17_wip-key,17_wip,ipq806x-generic,444,
1789913904-1669380,2026-09-21T01:42:51+02:00,1789947771,parallel,build,17_wip,17_wip,mediatek-filogic,457,
1789913904-1669380,2026-09-21T01:43:22+02:00,1789947802,parallel,build,19_agi,19_agi,ramips-mt7620,457,
1789913904-1669380,2026-09-21T01:43:29+02:00,1789947809,parallel,build,19_agi,19_agi,bcm27xx-bcm2711,471,
1789913904-1669380,2026-09-21T01:45:07+02:00,1789947907,parallel,build,17_wip,17_wip,mpc85xx-p1010,410,
1789913904-1669380,2026-09-21T01:45:49+02:00,1789947949,parallel,build,17_wip-key,17_wip,x86-generic,468,
1789913904-1669380,2026-09-21T01:48:13+02:00,1789948093,parallel,build,08_hlg,08_hlg,ath79-generic,612,
1789913904-1669380,2026-09-21T01:48:51+02:00,1789948131,parallel,build,16_gmb,16_gmb,ipq40xx-generic,460,
1789913904-1669380,2026-09-21T01:49:57+02:00,1789948197,parallel,build,17_wip,17_wip,ipq806x-generic,419,
1789913904-1669380,2026-09-21T01:50:15+02:00,1789948215,parallel,build,19_agi-key,19_agi,mediatek-filogic,432,
1789913904-1669380,2026-09-21T01:50:28+02:00,1789948228,parallel,build,20_grt-key,20_grt,ramips-mt7620,420,
1789913904-1669380,2026-09-21T01:50:54+02:00,1789948254,parallel,build,20_grt-key,20_grt,bcm27xx-bcm2711,443,
1789913904-1669380,2026-09-21T01:51:53+02:00,1789948313,parallel,build,19_agi-key,19_agi,mpc85xx-p1010,395,
1789913904-1669380,2026-09-21T01:53:38+02:00,1789948418,parallel,build,17_wip,17_wip,x86-generic,464,
1789913904-1669380,2026-09-21T01:56:40+02:00,1789948600,parallel,build,17_wip-key,17_wip,ipq40xx-generic,449,
1789913904-1669380,2026-09-21T01:57:36+02:00,1789948656,parallel,build,20_grt,20_grt,ramips-mt7620,428,
1789913904-1669380,2026-09-21T01:57:46+02:00,1789948666,parallel,build,19_agi-key,19_agi,ipq806x-generic,443,
1789913904-1669380,2026-09-21T01:58:02+02:00,1789948682,parallel,build,19_agi,19_agi,mediatek-filogic,454,
1789913904-1669380,2026-09-21T01:58:25+02:00,1789948705,parallel,build,20_grt,20_grt,bcm27xx-bcm2711,448,
1789913904-1669380,2026-09-21T01:58:52+02:00,1789948732,parallel,build,09_lgf-key,09_lgf,ath79-generic,611,
1789913904-1669380,2026-09-21T01:59:03+02:00,1789948743,parallel,build,19_agi,19_agi,mpc85xx-p1010,405,
1789913904-1669380,2026-09-21T02:01:18+02:00,1789948878,parallel,build,19_agi-key,19_agi,x86-generic,434,
1789913904-1669380,2026-09-21T02:03:14+02:00,1789948994,parallel,build,17_wip,17_wip,ipq40xx-generic,383,
1789913904-1669380,2026-09-21T02:04:08+02:00,1789949048,parallel,build,22_dusukn-key,22_dusukn,ramips-mt7620,384,
1789913904-1669380,2026-09-21T02:04:39+02:00,1789949079,parallel,build,19_agi,19_agi,ipq806x-generic,411,
1789913904-1669380,2026-09-21T02:05:16+02:00,1789949116,parallel,build,20_grt-key,20_grt,mediatek-filogic,431,
1789913904-1669380,2026-09-21T02:05:46+02:00,1789949146,parallel,build,22_dusukn-key,22_dusukn,bcm27xx-bcm2711,427,
1789913904-1669380,2026-09-21T02:06:14+02:00,1789949174,parallel,build,20_grt-key,20_grt,mpc85xx-p1010,406,
1789913904-1669380,2026-09-21T02:08:58+02:00,1789949338,parallel,build,19_agi,19_agi,x86-generic,456,
1789913904-1669380,2026-09-21T02:09:11+02:00,1789949351,parallel,build,09_lgf,09_lgf,ath79-generic,585,
1789913904-1669380,2026-09-21T02:10:57+02:00,1789949457,parallel,build,19_agi-key,19_agi,ipq40xx-generic,433,
1789913904-1669380,2026-09-21T02:10:57+02:00,1789949457,parallel,build,22_dusukn,22_dusukn,ramips-mt7620,383,
1789913904-1669380,2026-09-21T02:11:35+02:00,1789949495,parallel,build,20_grt-key,20_grt,ipq806x-generic,412,
1789913904-1669380,2026-09-21T02:12:36+02:00,1789949556,parallel,build,22_dusukn,22_dusukn,bcm27xx-bcm2711,404,
1789913904-1669380,2026-09-21T02:12:59+02:00,1789949579,parallel,build,20_grt,20_grt,mediatek-filogic,436,
1789913904-1669380,2026-09-21T02:13:07+02:00,1789949587,parallel,build,20_grt,20_grt,mpc85xx-p1010,406,
1789913904-1669380,2026-09-21T02:16:57+02:00,1789949817,parallel,build,20_grt-key,20_grt,x86-generic,438,
1789913904-1669380,2026-09-21T02:18:03+02:00,1789949883,parallel,build,23_dusuks-key,23_dusuks,ramips-mt7620,396,
1789913904-1669380,2026-09-21T02:18:22+02:00,1789949902,parallel,build,20_grt,20_grt,ipq806x-generic,400,
1789913904-1669380,2026-09-21T02:18:25+02:00,1789949905,parallel,build,19_agi,19_agi,ipq40xx-generic,418,
1789913904-1669380,2026-09-21T02:19:39+02:00,1789949979,parallel,build,22_dusukn-key,22_dusukn,mpc85xx-p1010,390,
1789913904-1669380,2026-09-21T02:19:44+02:00,1789949984,parallel,build,23_dusuks-key,23_dusuks,bcm27xx-bcm2711,404,
1789913904-1669380,2026-09-21T02:19:48+02:00,1789949988,parallel,build,11_lvr-key,11_lvr,ath79-generic,604,
1789913904-1669380,2026-09-21T02:20:05+02:00,1789950005,parallel,build,22_dusukn-key,22_dusukn,mediatek-filogic,422,
1789913904-1669380,2026-09-21T02:24:36+02:00,1789950276,parallel,build,23_dusuks,23_dusuks,ramips-mt7620,385,
1789913904-1669380,2026-09-21T02:24:42+02:00,1789950282,parallel,build,22_dusukn-key,22_dusukn,ipq806x-generic,379,
1789913904-1669380,2026-09-21T02:24:51+02:00,1789950291,parallel,build,20_grt,20_grt,x86-generic,452,
1789913904-1669380,2026-09-21T02:26:19+02:00,1789950379,parallel,build,20_grt-key,20_grt,ipq40xx-generic,472,
1789913904-1669380,2026-09-21T02:27:05+02:00,1789950425,parallel,build,22_dusukn,22_dusukn,mpc85xx-p1010,410,
1789913904-1669380,2026-09-21T02:27:48+02:00,1789950468,parallel,build,23_dusuks,23_dusuks,bcm27xx-bcm2711,454,
1789913904-1669380,2026-09-21T02:27:57+02:00,1789950477,parallel,build,22_dusukn,22_dusukn,mediatek-filogic,462,
1789913904-1669380,2026-09-21T02:30:26+02:00,1789950626,parallel,build,11_lvr,11_lvr,ath79-generic,612,
1789913904-1669380,2026-09-21T02:32:31+02:00,1789950751,parallel,build,22_dusukn,22_dusukn,ipq806x-generic,421,
1789913904-1669380,2026-09-21T02:32:35+02:00,1789950755,parallel,build,24_dusukw-key,24_dusukw,ramips-mt7620,426,
1789913904-1669380,2026-09-21T02:33:58+02:00,1789950838,parallel,build,22_dusukn-key,22_dusukn,x86-generic,506,
1789913904-1669380,2026-09-21T02:34:48+02:00,1789950888,parallel,build,20_grt,20_grt,ipq40xx-generic,501,
1789913904-1669380,2026-09-21T02:35:23+02:00,1789950923,parallel,build,23_dusuks-key,23_dusuks,mpc85xx-p1010,469,
1789913904-1669380,2026-09-21T02:35:59+02:00,1789950959,parallel,build,24_dusukw-key,24_dusukw,bcm27xx-bcm2711,483,
1789913904-1669380,2026-09-21T02:36:36+02:00,1789950996,parallel,build,23_dusuks-key,23_dusuks,mediatek-filogic,516,
1789913904-1669380,2026-09-21T02:40:32+02:00,1789951232,parallel,build,24_dusukw,24_dusukw,ramips-mt7620,434,
1789913904-1669380,2026-09-21T02:40:39+02:00,1789951239,parallel,build,23_dusuks-key,23_dusuks,ipq806x-generic,445,
1789913904-1669380,2026-09-21T02:41:59+02:00,1789951319,parallel,build,23_dusuks,23_dusuks,mpc85xx-p1010,395,
1789913904-1669380,2026-09-21T02:42:28+02:00,1789951348,parallel,build,14_bar-key,14_bar,ath79-generic,691,
1789913904-1669380,2026-09-21T02:43:08+02:00,1789951388,parallel,build,22_dusukn-key,22_dusukn,ipq40xx-generic,466,
1789913904-1669380,2026-09-21T02:43:28+02:00,1789951408,parallel,build,22_dusukn,22_dusukn,x86-generic,558,
1789913904-1669380,2026-09-21T02:43:46+02:00,1789951426,parallel,build,24_dusukw,24_dusukw,bcm27xx-bcm2711,442,
1789913904-1669380,2026-09-21T02:44:16+02:00,1789951456,parallel,build,23_dusuks,23_dusuks,mediatek-filogic,456,
1789913904-1669380,2026-09-21T02:47:25+02:00,1789951645,parallel,build,30_sol-key,30_sol,ramips-mt7620,408,
1789913904-1669380,2026-09-21T02:47:29+02:00,1789951649,parallel,build,23_dusuks,23_dusuks,ipq806x-generic,409,
1789913904-1669380,2026-09-21T02:48:37+02:00,1789951717,parallel,build,24_dusukw-key,24_dusukw,mpc85xx-p1010,383,
1789913904-1669380,2026-09-21T02:50:13+02:00,1789951813,parallel,build,22_dusukn,22_dusukn,ipq40xx-generic,418,
1789913904-1669380,2026-09-21T02:50:32+02:00,1789951832,parallel,build,30_sol-key,30_sol,bcm27xx-bcm2711,400,
1789913904-1669380,2026-09-21T02:51:15+02:00,1789951875,parallel,build,23_dusuks-key,23_dusuks,x86-generic,462,
1789913904-1669380,2026-09-21T02:52:03+02:00,1789951923,parallel,build,24_dusukw-key,24_dusukw,mediatek-filogic,448,
1789913904-1669380,2026-09-21T02:52:43+02:00,1789951963,parallel,build,14_bar,14_bar,ath79-generic,580,
1789913904-1669380,2026-09-21T02:55:37+02:00,1789952137,parallel,build,30_sol,30_sol,ramips-mt7620,464,
1789913904-1669380,2026-09-21T02:56:05+02:00,1789952165,parallel,build,24_dusukw-key,24_dusukw,ipq806x-generic,493,
1789913904-1669380,2026-09-21T02:56:29+02:00,1789952189,parallel,build,24_dusukw,24_dusukw,mpc85xx-p1010,446,
1789913904-1669380,2026-09-21T02:58:07+02:00,1789952287,parallel,build,30_sol,30_sol,bcm27xx-bcm2711,437,
1789913904-1669380,2026-09-21T02:58:43+02:00,1789952323,parallel,build,23_dusuks-key,23_dusuks,ipq40xx-generic,500,
1789913904-1669380,2026-09-21T02:59:41+02:00,1789952381,parallel,build,23_dusuks,23_dusuks,x86-generic,503,
1789913904-1669380,2026-09-21T03:00:54+02:00,1789952454,parallel,build,24_dusukw,24_dusukw,mediatek-filogic,506,
1789913904-1669380,2026-09-21T03:03:04+02:00,1789952584,parallel,build,18_nefuk-key,18_nefuk,ramips-mt7620,418,
1789913904-1669380,2026-09-21T03:03:31+02:00,1789952611,parallel,build,24_dusukw,24_dusukw,ipq806x-generic,445,
1789913904-1669380,2026-09-21T03:03:46+02:00,1789952626,parallel,build,30_sol-key,30_sol,mpc85xx-p1010,434,
1789913904-1669380,2026-09-21T03:04:13+02:00,1789952653,parallel,build,15_mrh-key,15_mrh,ath79-generic,644,
1789913904-1669380,2026-09-21T03:05:49+02:00,1789952749,parallel,build,18_nefuk-key,18_nefuk,bcm27xx-bcm2711,430,
1789913904-1669380,2026-09-21T03:06:46+02:00,1789952806,parallel,build,23_dusuks,23_dusuks,ipq40xx-generic,474,
1789913904-1669380,2026-09-21T03:07:53+02:00,1789952873,parallel,build,24_dusukw-key,24_dusukw,x86-generic,468,
1789913904-1669380,2026-09-21T03:08:55+02:00,1789952935,parallel,build,30_sol-key,30_sol,mediatek-filogic,472,
1789913904-1669380,2026-09-21T03:10:40+02:00,1789953040,parallel,build,18_nefuk,18_nefuk,ramips-mt7620,431,
1789913904-1669380,2026-09-21T03:11:10+02:00,1789953070,parallel,build,30_sol,30_sol,mpc85xx-p1010,434,
1789913904-1669380,2026-09-21T03:11:21+02:00,1789953081,parallel,build,30_sol-key,30_sol,ipq806x-generic,446,
1789913904-1669380,2026-09-21T03:13:26+02:00,1789953206,parallel,build,18_nefuk,18_nefuk,bcm27xx-bcm2711,420,
1789913904-1669380,2026-09-21T03:14:06+02:00,1789953246,parallel,build,24_dusukw-key,24_dusukw,ipq40xx-generic,435,
1789913904-1669380,2026-09-21T03:15:26+02:00,1789953326,parallel,build,15_mrh,15_mrh,ath79-generic,657,
1789913904-1669380,2026-09-21T03:16:43+02:00,1789953403,parallel,build,24_dusukw,24_dusukw,x86-generic,500,
1789913904-1669380,2026-09-21T03:17:40+02:00,1789953460,parallel,build,30_sol,30_sol,mediatek-filogic,503,
1789913904-1669380,2026-09-21T03:18:54+02:00,1789953534,parallel,build,18_nefuk-key,18_nefuk,mpc85xx-p1010,462,
1789913904-1669380,2026-09-21T03:18:57+02:00,1789953537,parallel,build,31_lvrno-key,31_lvrno,ramips-mt7620,467,
1789913904-1669380,2026-09-21T03:19:06+02:00,1789953546,parallel,build,30_sol,30_sol,ipq806x-generic,460,
1789913904-1669380,2026-09-21T03:20:54+02:00,1789953654,parallel,build,31_lvrno-key,31_lvrno,bcm27xx-bcm2711,440,
1789913904-1669380,2026-09-21T03:21:48+02:00,1789953708,parallel,build,24_dusukw,24_dusukw,ipq40xx-generic,409,
1789913904-1669380,2026-09-21T03:23:54+02:00,1789953834,parallel,build,30_sol-key,30_sol,x86-generic,400,
1789913904-1669380,2026-09-21T03:24:25+02:00,1789953865,parallel,build,18_nefuk-key,18_nefuk,mediatek-filogic,384,
1789913904-1669380,2026-09-21T03:25:22+02:00,1789953922,parallel,build,16_gmb-key,16_gmb,ath79-generic,570,
1789913904-1669380,2026-09-21T03:25:24+02:00,1789953924,parallel,build,18_nefuk,18_nefuk,mpc85xx-p1010,367,
1789913904-1669380,2026-09-21T03:25:33+02:00,1789953933,parallel,build,31_lvrno,31_lvrno,ramips-mt7620,375,
1789913904-1669380,2026-09-21T03:25:35+02:00,1789953935,parallel,build,18_nefuk-key,18_nefuk,ipq806x-generic,378,
1789913904-1669380,2026-09-21T03:28:12+02:00,1789954092,parallel,build,31_lvrno,31_lvrno,bcm27xx-bcm2711,413,
1789913904-1669380,2026-09-21T03:29:02+02:00,1789954142,parallel,build,30_sol-key,30_sol,ipq40xx-generic,420,
1789913904-1669380,2026-09-21T03:31:45+02:00,1789954305,parallel,build,18_nefuk,18_nefuk,mediatek-filogic,435,
1789913904-1669380,2026-09-21T03:32:09+02:00,1789954329,parallel,build,30_sol,30_sol,x86-generic,465,
1789913904-1669380,2026-09-21T03:32:50+02:00,1789954370,parallel,build,31_lvrno-key,31_lvrno,mpc85xx-p1010,396,
1789913904-1669380,2026-09-21T03:32:55+02:00,1789954375,parallel,build,32_lvrnw-key,32_lvrnw,ramips-mt7620,401,
1789913904-1669380,2026-09-21T03:33:03+02:00,1789954383,parallel,build,18_nefuk,18_nefuk,ipq806x-generic,409,
1789913904-1669380,2026-09-21T03:35:40+02:00,1789954540,parallel,build,32_lvrnw-key,32_lvrnw,bcm27xx-bcm2711,423,
1789913904-1669380,2026-09-21T03:36:20+02:00,1789954580,parallel,build,16_gmb,16_gmb,ath79-generic,607,
1789913904-1669380,2026-09-21T03:37:12+02:00,1789954632,parallel,build,30_sol,30_sol,ipq40xx-generic,470,
1789913904-1669380,2026-09-21T03:39:41+02:00,1789954781,parallel,build,31_lvrno-key,31_lvrno,mediatek-filogic,469,
1789913904-1669380,2026-09-21T03:40:34+02:00,1789954834,parallel,build,18_nefuk-key,18_nefuk,x86-generic,499,
1789913904-1669380,2026-09-21T03:40:50+02:00,1789954850,parallel,build,31_lvrno,31_lvrno,mpc85xx-p1010,464,
1789913904-1669380,2026-09-21T03:40:51+02:00,1789954851,parallel,build,32_lvrnw,32_lvrnw,ramips-mt7620,465,
1789913904-1669380,2026-09-21T03:40:52+02:00,1789954852,parallel,build,31_lvrno-key,31_lvrno,ipq806x-generic,465,
1789913904-1669380,2026-09-21T03:43:33+02:00,1789955013,parallel,build,32_lvrnw,32_lvrnw,bcm27xx-bcm2711,445,
1789913904-1669380,2026-09-21T03:45:08+02:00,1789955108,parallel,build,18_nefuk-key,18_nefuk,ipq40xx-generic,440,
1789913904-1669380,2026-09-21T03:47:25+02:00,1789955245,parallel,build,31_lvrno,31_lvrno,mediatek-filogic,441,
1789913904-1669380,2026-09-21T03:47:35+02:00,1789955255,parallel,build,17_wip-key,17_wip,ath79-generic,653,
1789913904-1669380,2026-09-21T03:47:37+02:00,1789955257,parallel,build,32_lvrnw-key,32_lvrnw,mpc85xx-p1010,407,
1789913904-1669380,2026-09-21T03:47:40+02:00,1789955260,parallel,build,33_lvrmo-key,33_lvrmo,ramips-mt7620,409,
1789913904-1669380,2026-09-21T03:47:49+02:00,1789955269,parallel,build,31_lvrno,31_lvrno,ipq806x-generic,415,
1789913904-1669380,2026-09-21T03:48:37+02:00,1789955317,parallel,build,18_nefuk,18_nefuk,x86-generic,467,
1789913904-1669380,2026-09-21T03:50:10+02:00,1789955410,parallel,build,33_lvrmo-key,33_lvrmo,bcm27xx-bcm2711,391,
1789913904-1669380,2026-09-21T03:51:38+02:00,1789955498,parallel,build,18_nefuk,18_nefuk,ipq40xx-generic,362,
1789913904-1669380,2026-09-21T03:54:44+02:00,1789955684,parallel,build,32_lvrnw,32_lvrnw,mpc85xx-p1010,396,
1789913904-1669380,2026-09-21T03:54:51+02:00,1789955691,parallel,build,33_lvrmo,33_lvrmo,ramips-mt7620,403,
1789913904-1669380,2026-09-21T03:54:58+02:00,1789955698,parallel,build,32_lvrnw-key,32_lvrnw,ipq806x-generic,408,
1789913904-1669380,2026-09-21T03:55:13+02:00,1789955713,parallel,build,32_lvrnw-key,32_lvrnw,mediatek-filogic,427,
1789913904-1669380,2026-09-21T03:56:42+02:00,1789955802,parallel,build,31_lvrno-key,31_lvrno,x86-generic,467,
1789913904-1669380,2026-09-21T03:58:04+02:00,1789955884,parallel,build,33_lvrmo,33_lvrmo,bcm27xx-bcm2711,467,
1789913904-1669380,2026-09-21T03:58:22+02:00,1789955902,parallel,build,17_wip,17_wip,ath79-generic,614,
1789913904-1669380,2026-09-21T04:00:12+02:00,1789956012,parallel,build,31_lvrno-key,31_lvrno,ipq40xx-generic,505,
1789913904-1669380,2026-09-21T04:02:21+02:00,1789956141,parallel,build,33_lvrmo-key,33_lvrmo,mpc85xx-p1010,443,
1789913904-1669380,2026-09-21T04:02:49+02:00,1789956169,parallel,build,32_lvrnw,32_lvrnw,ipq806x-generic,466,
1789913904-1669380,2026-09-21T04:03:15+02:00,1789956195,parallel,build,34_lvrmw-key,34_lvrmw,ramips-mt7620,492,
1789913904-1669380,2026-09-21T04:03:28+02:00,1789956208,parallel,build,32_lvrnw,32_lvrnw,mediatek-filogic,485,
1789913904-1669380,2026-09-21T04:05:04+02:00,1789956304,parallel,build,31_lvrno,31_lvrno,x86-generic,477,
1789913904-1669380,2026-09-21T04:06:10+02:00,1789956370,parallel,build,34_lvrmw-key,34_lvrmw,bcm27xx-bcm2711,449,
1789913904-1669380,2026-09-21T04:07:55+02:00,1789956475,parallel,build,31_lvrno,31_lvrno,ipq40xx-generic,427,
1789913904-1669380,2026-09-21T04:10:21+02:00,1789956621,parallel,build,19_agi-key,19_agi,ath79-generic,676,
1789913904-1669380,2026-09-21T04:10:28+02:00,1789956628,parallel,build,33_lvrmo,33_lvrmo,mpc85xx-p1010,469,
1789913904-1669380,2026-09-21T04:11:04+02:00,1789956664,parallel,build,33_lvrmo-key,33_lvrmo,ipq806x-generic,479,
1789913904-1669380,2026-09-21T04:11:21+02:00,1789956682,parallel,build,34_lvrmw,34_lvrmw,ramips-mt7620,484,
1789913904-1669380,2026-09-21T04:11:53+02:00,1789956713,parallel,build,33_lvrmo-key,33_lvrmo,mediatek-filogic,501,
1789913904-1669380,2026-09-21T04:13:39+02:00,1789956819,parallel,build,32_lvrnw-key,32_lvrnw,x86-generic,490,
1789913904-1669380,2026-09-21T04:13:57+02:00,1789956837,parallel,build,34_lvrmw,34_lvrmw,bcm27xx-bcm2711,459,
1789913904-1669380,2026-09-21T04:15:42+02:00,1789956942,parallel,build,32_lvrnw-key,32_lvrnw,ipq40xx-generic,419,
1789913904-1669380,2026-09-21T04:17:10+02:00,1789957030,parallel,build,34_lvrmw-key,34_lvrmw,mpc85xx-p1010,374,
1789913904-1669380,2026-09-21T04:17:42+02:00,1789957062,parallel,build,33_lvrmo,33_lvrmo,ipq806x-generic,395,
1789913904-1669380,2026-09-21T04:18:06+02:00,1789957086,parallel,build,35_lvrso-key,35_lvrso,ramips-mt7620,399,
1789913904-1669380,2026-09-21T04:19:06+02:00,1789957146,parallel,build,33_lvrmo,33_lvrmo,mediatek-filogic,429,
1789913904-1669380,2026-09-21T04:21:19+02:00,1789957279,parallel,build,19_agi,19_agi,ath79-generic,623,
1789913904-1669380,2026-09-21T04:22:07+02:00,1789957327,parallel,build,35_lvrso-key,35_lvrso,bcm27xx-bcm2711,488,
1789913904-1669380,2026-09-21T04:22:36+02:00,1789957356,parallel,build,32_lvrnw,32_lvrnw,x86-generic,532,
1789913904-1669380,2026-09-21T04:24:19+02:00,1789957459,parallel,build,32_lvrnw,32_lvrnw,ipq40xx-generic,476,
1789913904-1669380,2026-09-21T04:25:27+02:00,1789957527,parallel,build,34_lvrmw,34_lvrmw,mpc85xx-p1010,483,
1789913904-1669380,2026-09-21T04:25:54+02:00,1789957554,parallel,build,34_lvrmw-key,34_lvrmw,ipq806x-generic,481,
1789913904-1669380,2026-09-21T04:26:07+02:00,1789957567,parallel,build,35_lvrso,35_lvrso,ramips-mt7620,475,
1789913904-1669380,2026-09-21T04:27:23+02:00,1789957643,parallel,build,34_lvrmw-key,34_lvrmw,mediatek-filogic,475,
1789913904-1669380,2026-09-21T04:29:57+02:00,1789957797,parallel,build,35_lvrso,35_lvrso,bcm27xx-bcm2711,452,
1789913904-1669380,2026-09-21T04:30:41+02:00,1789957841,parallel,build,33_lvrmo-key,33_lvrmo,x86-generic,483,
1789913904-1669380,2026-09-21T04:33:02+02:00,1789957982,parallel,build,35_lvrso-key,35_lvrso,mpc85xx-p1010,451,
1789913904-1669380,2026-09-21T04:33:36+02:00,1789958016,parallel,build,20_grt-key,20_grt,ath79-generic,722,
1789913904-1669380,2026-09-21T04:33:47+02:00,1789958027,parallel,build,33_lvrmo-key,33_lvrmo,ipq40xx-generic,516,
1789913904-1669380,2026-09-21T04:34:22+02:00,1789958062,parallel,build,34_lvrmw,34_lvrmw,ipq806x-generic,504,
1789913904-1669380,2026-09-21T04:34:32+02:00,1789958072,parallel,build,36_lvrsw-key,36_lvrsw,ramips-mt7620,503,
1789913904-1669380,2026-09-21T04:36:06+02:00,1789958166,parallel,build,34_lvrmw,34_lvrmw,mediatek-filogic,487,
1789913904-1669380,2026-09-21T04:38:12+02:00,1789958292,parallel,build,36_lvrsw-key,36_lvrsw,bcm27xx-bcm2711,489,
1789913904-1669380,2026-09-21T04:39:23+02:00,1789958363,parallel,build,33_lvrmo,33_lvrmo,x86-generic,497,
1789913904-1669380,2026-09-21T04:40:07+02:00,1789958408,parallel,build,35_lvrso,35_lvrso,mpc85xx-p1010,399,
1789913904-1669380,2026-09-21T04:41:15+02:00,1789958475,parallel,build,33_lvrmo,33_lvrmo,ipq40xx-generic,443,
1789913904-1669380,2026-09-21T04:41:31+02:00,1789958491,parallel,build,35_lvrso-key,35_lvrso,ipq806x-generic,425,
1789913904-1669380,2026-09-21T04:41:34+02:00,1789958494,parallel,build,36_lvrsw,36_lvrsw,ramips-mt7620,420,
1789913904-1669380,2026-09-21T04:44:28+02:00,1789958668,parallel,build,35_lvrso-key,35_lvrso,mediatek-filogic,468,
1789913904-1669380,2026-09-21T04:44:39+02:00,1789958679,parallel,build,20_grt,20_grt,ath79-generic,655,
1789913904-1669380,2026-09-21T04:46:20+02:00,1789958780,parallel,build,36_lvrsw,36_lvrsw,bcm27xx-bcm2711,480,
1789913904-1669380,2026-09-21T04:47:43+02:00,1789958863,parallel,build,36_lvrsw-key,36_lvrsw,mpc85xx-p1010,447,
1789913904-1669380,2026-09-21T04:48:31+02:00,1789958911,parallel,build,34_lvrmw-key,34_lvrmw,x86-generic,524,
1789913904-1669380,2026-09-21T04:49:19+02:00,1789958959,parallel,build,37_siwin-key,37_siwin,ramips-mt7620,462,
1789913904-1669380,2026-09-21T04:49:56+02:00,1789958996,parallel,build,35_lvrso,35_lvrso,ipq806x-generic,503,
1789913904-1669380,2026-09-21T04:50:11+02:00,1789959011,parallel,build,34_lvrmw-key,34_lvrmw,ipq40xx-generic,522,
1789913904-1669380,2026-09-21T04:52:12+02:00,1789959132,parallel,build,35_lvrso,35_lvrso,mediatek-filogic,461,
1789913904-1669380,2026-09-21T04:53:45+02:00,1789959225,parallel,build,37_siwin-key,37_siwin,bcm27xx-bcm2711,425,
1789913904-1669380,2026-09-21T04:55:00+02:00,1789959300,parallel,build,36_lvrsw,36_lvrsw,mpc85xx-p1010,411,
1789913904-1669380,2026-09-21T04:55:58+02:00,1789959358,parallel,build,22_dusukn-key,22_dusukn,ath79-generic,658,
1789913904-1669380,2026-09-21T04:57:01+02:00,1789959421,parallel,build,37_siwin,37_siwin,ramips-mt7620,425,
1789913904-1669380,2026-09-21T04:57:10+02:00,1789959430,parallel,build,34_lvrmw,34_lvrmw,x86-generic,510,
1789913904-1669380,2026-09-21T04:57:16+02:00,1789959436,parallel,build,36_lvrsw-key,36_lvrsw,ipq806x-generic,440,
1789913904-1669380,2026-09-21T04:58:21+02:00,1789959501,parallel,build,34_lvrmw,34_lvrmw,ipq40xx-generic,470,
1789913904-1669380,2026-09-21T05:00:09+02:00,1789959609,parallel,build,36_lvrsw-key,36_lvrsw,mediatek-filogic,465,
1789913904-1669380,2026-09-21T05:01:25+02:00,1789959685,parallel,build,37_siwin,37_siwin,bcm27xx-bcm2711,431,
1789913904-1669380,2026-09-21T05:02:23+02:00,1789959743,parallel,build,37_siwin-key,37_siwin,mpc85xx-p1010,403,
1789913904-1669380,2026-09-21T05:04:12+02:00,1789959852,parallel,build,38_siwiw-key,38_siwiw,ramips-mt7620,418,
1789913904-1669380,2026-09-21T05:04:49+02:00,1789959889,parallel,build,36_lvrsw,36_lvrsw,ipq806x-generic,450,
1789913904-1669380,2026-09-21T05:05:26+02:00,1789959926,parallel,build,35_lvrso-key,35_lvrso,x86-generic,492,
1789913904-1669380,2026-09-21T05:06:44+02:00,1789960004,parallel,build,35_lvrso-key,35_lvrso,ipq40xx-generic,481,
1789913904-1669380,2026-09-21T05:07:21+02:00,1789960041,parallel,build,22_dusukn,22_dusukn,ath79-generic,671,
1789913904-1669380,2026-09-21T05:08:52+02:00,1789960132,parallel,build,36_lvrsw,36_lvrsw,mediatek-filogic,515,
1789913904-1669380,2026-09-21T05:10:11+02:00,1789960211,parallel,build,38_siwiw-key,38_siwiw,bcm27xx-bcm2711,499,
1789913904-1669380,2026-09-21T05:10:48+02:00,1789960248,parallel,build,37_siwin,37_siwin,mpc85xx-p1010,483,
1789913904-1669380,2026-09-21T05:12:17+02:00,1789960337,parallel,build,38_siwiw,38_siwiw,ramips-mt7620,458,
1789913904-1669380,2026-09-21T05:12:56+02:00,1789960376,parallel,build,37_siwin-key,37_siwin,ipq806x-generic,483,
1789913904-1669380,2026-09-21T05:14:16+02:00,1789960456,parallel,build,35_lvrso,35_lvrso,x86-generic,507,
1789913904-1669380,2026-09-21T05:15:10+02:00,1789960510,parallel,build,35_lvrso,35_lvrso,ipq40xx-generic,483,
1789913904-1669380,2026-09-21T05:17:00+02:00,1789960620,parallel,build,37_siwin-key,37_siwin,mediatek-filogic,464,
1789913904-1669380,2026-09-21T05:17:50+02:00,1789960670,parallel,build,38_siwiw,38_siwiw,bcm27xx-bcm2711,436,
1789913904-1669380,2026-09-21T05:18:24+02:00,1789960704,parallel,build,38_siwiw-key,38_siwiw,mpc85xx-p1010,451,
1789913904-1669380,2026-09-21T05:18:46+02:00,1789960726,parallel,build,23_dusuks-key,23_dusuks,ath79-generic,668,
1789913904-1669380,2026-09-21T05:20:00+02:00,1789960800,parallel,build,39_sin-key,39_sin,ramips-mt7620,438,
1789913904-1669380,2026-09-21T05:20:17+02:00,1789960817,parallel,build,37_siwin,37_siwin,ipq806x-generic,437,
1789913904-1669380,2026-09-21T05:22:20+02:00,1789960940,parallel,build,36_lvrsw-key,36_lvrsw,x86-generic,459,
1789913904-1669380,2026-09-21T05:23:01+02:00,1789960981,parallel,build,36_lvrsw-key,36_lvrsw,ipq40xx-generic,459,
1789913904-1669380,2026-09-21T05:24:22+02:00,1789961062,parallel,build,37_siwin,37_siwin,mediatek-filogic,435,
1789913904-1669380,2026-09-21T05:25:23+02:00,1789961123,parallel,build,38_siwiw,38_siwiw,mpc85xx-p1010,417,
1789913904-1669380,2026-09-21T05:25:36+02:00,1789961136,parallel,build,39_sin-key,39_sin,bcm27xx-bcm2711,434,
1789913904-1669380,2026-09-21T05:27:47+02:00,1789961267,parallel,build,39_sin,39_sin,ramips-mt7620,459,
1789913904-1669380,2026-09-21T05:28:00+02:00,1789961280,parallel,build,38_siwiw-key,38_siwiw,ipq806x-generic,450,
1789913904-1669380,2026-09-21T05:30:28+02:00,1789961428,parallel,build,23_dusuks,23_dusuks,ath79-generic,676,
1789913904-1669380,2026-09-21T05:31:47+02:00,1789961507,parallel,build,36_lvrsw,36_lvrsw,ipq40xx-generic,519,
1789913904-1669380,2026-09-21T05:31:49+02:00,1789961509,parallel,build,36_lvrsw,36_lvrsw,x86-generic,545,
1789913904-1669380,2026-09-21T05:33:13+02:00,1789961593,parallel,build,38_siwiw-key,38_siwiw,mediatek-filogic,493,
1789913904-1669380,2026-09-21T05:33:25+02:00,1789961605,parallel,build,39_sin-key,39_sin,mpc85xx-p1010,438,
1789913904-1669380,2026-09-21T05:33:39+02:00,1789961619,parallel,build,39_sin,39_sin,bcm27xx-bcm2711,451,
1789913904-1669380,2026-09-21T05:35:45+02:00,1789961745,parallel,build,40_sim-key,40_sim,ramips-mt7620,475,
1789913904-1669380,2026-09-21T05:35:58+02:00,1789961758,parallel,build,38_siwiw,38_siwiw,ipq806x-generic,476,
1789913904-1669380,2026-09-21T05:39:13+02:00,1789961953,parallel,build,37_siwin-key,37_siwin,ipq40xx-generic,422,
1789913904-1669380,2026-09-21T05:39:36+02:00,1789961976,parallel,build,37_siwin-key,37_siwin,x86-generic,444,
1789913904-1669380,2026-09-21T05:40:23+02:00,1789962023,parallel,build,39_sin,39_sin,mpc85xx-p1010,379,
1789913904-1669380,2026-09-21T05:41:08+02:00,1789962068,parallel,build,24_dusukw-key,24_dusukw,ath79-generic,607,
1789913904-1669380,2026-09-21T05:41:14+02:00,1789962074,parallel,build,40_sim-key,40_sim,bcm27xx-bcm2711,426,
1789913904-1669380,2026-09-21T05:41:16+02:00,1789962076,parallel,build,38_siwiw,38_siwiw,mediatek-filogic,432,
1789913904-1669380,2026-09-21T05:42:42+02:00,1789962162,parallel,build,40_sim,40_sim,ramips-mt7620,403,
1789913904-1669380,2026-09-21T05:43:20+02:00,1789962200,parallel,build,39_sin-key,39_sin,ipq806x-generic,441,
1789913904-1669380,2026-09-21T05:46:44+02:00,1789962404,parallel,build,37_siwin,37_siwin,ipq40xx-generic,444,
1789913904-1669380,2026-09-21T05:47:09+02:00,1789962429,parallel,build,40_sim-key,40_sim,mpc85xx-p1010,377,
1789913904-1669380,2026-09-21T05:47:30+02:00,1789962450,parallel,build,37_siwin,37_siwin,x86-generic,468,
1789913904-1669380,2026-09-21T05:48:27+02:00,1789962507,parallel,build,40_sim,40_sim,bcm27xx-bcm2711,418,
1789913904-1669380,2026-09-21T05:48:37+02:00,1789962517,parallel,build,39_sin-key,39_sin,mediatek-filogic,429,
1789913904-1669380,2026-09-21T05:49:50+02:00,1789962590,parallel,build,41_sis-key,41_sis,ramips-mt7620,397,
1789913904-1669380,2026-09-21T05:50:27+02:00,1789962627,parallel,build,39_sin,39_sin,ipq806x-generic,425,
1789913904-1669380,2026-09-21T05:51:36+02:00,1789962696,parallel,build,24_dusukw,24_dusukw,ath79-generic,607,
1789913904-1669380,2026-09-21T05:53:54+02:00,1789962834,parallel,build,40_sim,40_sim,mpc85xx-p1010,386,
1789913904-1669380,2026-09-21T05:54:35+02:00,1789962875,parallel,build,38_siwiw-key,38_siwiw,ipq40xx-generic,463,
1789913904-1669380,2026-09-21T05:55:18+02:00,1789962918,parallel,build,38_siwiw-key,38_siwiw,x86-generic,467,
1789913904-1669380,2026-09-21T05:55:44+02:00,1789962944,parallel,build,41_sis-key,41_sis,bcm27xx-bcm2711,420,
1789913904-1669380,2026-09-21T05:55:49+02:00,1789962949,parallel,build,39_sin,39_sin,mediatek-filogic,424,
1789913904-1669380,2026-09-21T05:56:42+02:00,1789963002,parallel,build,41_sis,41_sis,ramips-mt7620,391,
1789913904-1669380,2026-09-21T05:57:02+02:00,1789963022,parallel,build,40_sim-key,40_sim,ipq806x-generic,393,
1789913904-1669380,2026-09-21T06:00:39+02:00,1789963239,parallel,build,41_sis-key,41_sis,mpc85xx-p1010,374,
1789913904-1669380,2026-09-21T06:01:25+02:00,1789963285,parallel,build,38_siwiw,38_siwiw,ipq40xx-generic,403,
1789913904-1669380,2026-09-21T06:02:21+02:00,1789963341,parallel,build,30_sol-key,30_sol,ath79-generic,620,
1789913904-1669380,2026-09-21T06:03:10+02:00,1789963390,parallel,build,40_sim-key,40_sim,mediatek-filogic,437,
1789913904-1669380,2026-09-21T06:03:33+02:00,1789963413,parallel,build,41_sis,41_sis,bcm27xx-bcm2711,466,
1789913904-1669380,2026-09-21T06:03:56+02:00,1789963436,parallel,build,38_siwiw,38_siwiw,x86-generic,493,
1789913904-1669380,2026-09-21T06:04:37+02:00,1789963477,parallel,build,42_siwil-key,42_siwil,ramips-mt7620,449,
1789913904-1669380,2026-09-21T06:04:46+02:00,1789963486,parallel,build,40_sim,40_sim,ipq806x-generic,454,
1789913904-1669380,2026-09-21T06:07:35+02:00,1789963655,parallel,build,41_sis,41_sis,mpc85xx-p1010,405,
1789913904-1669380,2026-09-21T06:08:49+02:00,1789963729,parallel,build,39_sin-key,39_sin,ipq40xx-generic,400,
1789913904-1669380,2026-09-21T06:10:29+02:00,1789963829,parallel,build,42_siwil-key,42_siwil,bcm27xx-bcm2711,413,
1789913904-1669380,2026-09-21T06:10:41+02:00,1789963841,parallel,build,40_sim,40_sim,mediatek-filogic,431,
1789913904-1669380,2026-09-21T06:11:15+02:00,1789963875,parallel,build,42_siwil,42_siwil,ramips-mt7620,393,
1789913904-1669380,2026-09-21T06:11:27+02:00,1789963887,parallel,build,41_sis-key,41_sis,ipq806x-generic,398,
1789913904-1669380,2026-09-21T06:11:29+02:00,1789963889,parallel,build,39_sin-key,39_sin,x86-generic,436,
1789913904-1669380,2026-09-21T06:13:03+02:00,1789963983,parallel,build,30_sol,30_sol,ath79-generic,614,
1789913904-1669380,2026-09-21T06:15:00+02:00,1789964100,parallel,build,42_siwil-key,42_siwil,mpc85xx-p1010,435,
1789913904-1669380,2026-09-21T06:17:00+02:00,1789964220,parallel,build,39_sin,39_sin,ipq40xx-generic,451,
1789913904-1669380,2026-09-21T06:18:01+02:00,1789964281,parallel,build,42_siwil,42_siwil,bcm27xx-bcm2711,440,
1789913904-1669380,2026-09-21T06:18:32+02:00,1789964312,parallel,build,41_sis-key,41_sis,mediatek-filogic,470,
1789913904-1669380,2026-09-21T06:19:12+02:00,1789964352,parallel,build,43_bggl-key,43_bggl,ramips-mt7620,462,
1789913904-1669380,2026-09-21T06:19:20+02:00,1789964360,parallel,build,41_sis,41_sis,ipq806x-generic,468,
1789913904-1669380,2026-09-21T06:20:05+02:00,1789964405,parallel,build,39_sin,39_sin,x86-generic,513,
1789913904-1669380,2026-09-21T06:22:29+02:00,1789964549,parallel,build,42_siwil,42_siwil,mpc85xx-p1010,421,
1789913904-1669380,2026-09-21T06:24:14+02:00,1789964654,parallel,build,18_nefuk-key,18_nefuk,ath79-generic,638,
1789913904-1669380,2026-09-21T06:25:39+02:00,1789964739,parallel,build,40_sim-key,40_sim,ipq40xx-generic,487,
1789913904-1669380,2026-09-21T06:26:02+02:00,1789964762,parallel,build,43_bggl-key,43_bggl,bcm27xx-bcm2711,461,
1789913904-1669380,2026-09-21T06:26:29+02:00,1789964789,parallel,build,41_sis,41_sis,mediatek-filogic,462,
1789913904-1669380,2026-09-21T06:27:03+02:00,1789964823,parallel,build,43_bggl,43_bggl,ramips-mt7620,451,
1789913904-1669380,2026-09-21T06:27:05+02:00,1789964825,parallel,build,42_siwil-key,42_siwil,ipq806x-generic,450,
1789913904-1669380,2026-09-21T06:28:30+02:00,1789964910,parallel,build,40_sim-key,40_sim,x86-generic,486,
1789913904-1669380,2026-09-21T06:29:42+02:00,1789964982,parallel,build,43_bggl-key,43_bggl,mpc85xx-p1010,414,
1789913904-1669380,2026-09-21T06:32:48+02:00,1789965168,parallel,build,43_bggl,43_bggl,bcm27xx-bcm2711,392,
1789913904-1669380,2026-09-21T06:33:07+02:00,1789965187,parallel,build,40_sim,40_sim,ipq40xx-generic,417,
1789913904-1669380,2026-09-21T06:33:21+02:00,1789965201,parallel,build,42_siwil-key,42_siwil,mediatek-filogic,408,
1789913904-1669380,2026-09-21T06:33:36+02:00,1789965216,parallel,build,44_llng-key,44_llng,ramips-mt7620,390,
1789913904-1669380,2026-09-21T06:33:47+02:00,1789965227,parallel,build,42_siwil,42_siwil,ipq806x-generic,398,
1789913904-1669380,2026-09-21T06:34:35+02:00,1789965275,parallel,build,18_nefuk,18_nefuk,ath79-generic,575,
1789913904-1669380,2026-09-21T06:36:20+02:00,1789965380,parallel,build,40_sim,40_sim,x86-generic,465,
1789913904-1669380,2026-09-21T06:36:41+02:00,1789965401,parallel,build,43_bggl,43_bggl,mpc85xx-p1010,411,
1789913904-1669380,2026-09-21T06:40:11+02:00,1789965611,parallel,build,44_llng-key,44_llng,bcm27xx-bcm2711,433,
1789913904-1669380,2026-09-21T06:40:33+02:00,1789965633,parallel,build,41_sis-key,41_sis,ipq40xx-generic,441,
1789913904-1669380,2026-09-21T06:40:36+02:00,1789965636,parallel,build,42_siwil,42_siwil,mediatek-filogic,432,
1789913904-1669380,2026-09-21T06:41:15+02:00,1789965675,parallel,build,44_llng,44_llng,ramips-mt7620,454,
1789913904-1669380,2026-09-21T06:41:29+02:00,1789965689,parallel,build,43_bggl-key,43_bggl,ipq806x-generic,459,
1789913904-1669380,2026-09-21T06:43:40+02:00,1789965820,parallel,build,44_llng-key,44_llng,mpc85xx-p1010,416,
1789913904-1669380,2026-09-21T06:44:14+02:00,1789965854,parallel,build,41_sis-key,41_sis,x86-generic,469,
1789913904-1669380,2026-09-21T06:46:01+02:00,1789965961,parallel,build,31_lvrno-key,31_lvrno,ath79-generic,620,
1789913904-1669380,2026-09-21T06:48:27+02:00,1789966107,parallel,build,44_llng,44_llng,bcm27xx-bcm2711,465,
1789913904-1669380,2026-09-21T06:49:00+02:00,1789966140,parallel,build,43_bggl-key,43_bggl,mediatek-filogic,493,
1789913904-1669380,2026-09-21T06:49:13+02:00,1789966153,parallel,build,41_sis,41_sis,ipq40xx-generic,507,
1789913904-1669380,2026-09-21T06:49:18+02:00,1789966158,parallel,build,45_brsd-key,45_brsd,ramips-mt7620,480,
1789913904-1669380,2026-09-21T06:49:27+02:00,1789966167,parallel,build,43_bggl,43_bggl,ipq806x-generic,477,
1789913904-1669380,2026-09-21T06:51:30+02:00,1789966290,parallel,build,44_llng,44_llng,mpc85xx-p1010,464,
1789913904-1669380,2026-09-21T06:52:52+02:00,1789966372,parallel,build,41_sis,41_sis,x86-generic,515,
1789913904-1669380,2026-09-21T06:55:44+02:00,1789966544,parallel,build,45_brsd-key,45_brsd,bcm27xx-bcm2711,409,
1789913904-1669380,2026-09-21T06:56:24+02:00,1789966584,parallel,build,43_bggl,43_bggl,mediatek-filogic,441,
1789913904-1669380,2026-09-21T06:56:25+02:00,1789966585,parallel,build,45_brsd,45_brsd,ramips-mt7620,425,
1789913904-1669380,2026-09-21T06:56:37+02:00,1789966597,parallel,build,44_llng-key,44_llng,ipq806x-generic,429,
1789913904-1669380,2026-09-21T06:56:47+02:00,1789966607,parallel,build,42_siwil-key,42_siwil,ipq40xx-generic,449,
1789913904-1669380,2026-09-21T06:57:34+02:00,1789966654,parallel,build,31_lvrno,31_lvrno,ath79-generic,665,
1789913904-1669380,2026-09-21T06:59:29+02:00,1789966769,parallel,build,45_brsd-key,45_brsd,mpc85xx-p1010,464,
1789913904-1669380,2026-09-21T07:01:28+02:00,1789966888,parallel,build,42_siwil-key,42_siwil,x86-generic,497,
1789913904-1669380,2026-09-21T07:03:34+02:00,1789967014,parallel,build,45_brsd,45_brsd,bcm27xx-bcm2711,443,
1789913904-1669380,2026-09-21T07:04:14+02:00,1789967054,parallel,build,46_odth-key,46_odth,ramips-mt7620,441,
1789913904-1669380,2026-09-21T07:04:18+02:00,1789967058,parallel,build,44_llng,44_llng,ipq806x-generic,445,
1789913904-1669380,2026-09-21T07:04:37+02:00,1789967077,parallel,build,44_llng-key,44_llng,mediatek-filogic,464,
1789913904-1669380,2026-09-21T07:04:52+02:00,1789967092,parallel,build,42_siwil,42_siwil,ipq40xx-generic,480,
1789913904-1669380,2026-09-21T07:06:16+02:00,1789967176,parallel,build,45_brsd,45_brsd,mpc85xx-p1010,400,
1789913904-1669380,2026-09-21T07:08:01+02:00,1789967281,parallel,build,32_lvrnw-key,32_lvrnw,ath79-generic,570,
1789913904-1669380,2026-09-21T07:10:00+02:00,1789967400,parallel,build,42_siwil,42_siwil,x86-generic,505,
1789913904-1669380,2026-09-21T07:11:11+02:00,1789967471,parallel,build,46_odth-key,46_odth,bcm27xx-bcm2711,441,
1789913904-1669380,2026-09-21T07:11:56+02:00,1789967516,parallel,build,45_brsd-key,45_brsd,ipq806x-generic,428,
1789913904-1669380,2026-09-21T07:12:38+02:00,1789967558,parallel,build,46_odth,46_odth,ramips-mt7620,470,
1789913904-1669380,2026-09-21T07:12:53+02:00,1789967573,parallel,build,44_llng,44_llng,mediatek-filogic,478,
1789913904-1669380,2026-09-21T07:13:02+02:00,1789967582,parallel,build,43_bggl-key,43_bggl,ipq40xx-generic,486,
1789913904-1669380,2026-09-21T07:14:04+02:00,1789967644,parallel,build,46_odth-key,46_odth,mpc85xx-p1010,461,
1789913904-1669380,2026-09-21T07:18:06+02:00,1789967886,parallel,build,43_bggl-key,43_bggl,x86-generic,454,
1789913904-1669380,2026-09-21T07:18:22+02:00,1789967902,parallel,build,46_odth,46_odth,bcm27xx-bcm2711,419,
1789913904-1669380,2026-09-21T07:18:57+02:00,1789967937,parallel,build,45_brsd,45_brsd,ipq806x-generic,385,
1789913904-1669380,2026-09-21T07:19:05+02:00,1789967945,parallel,build,47_roes-key,47_roes,ramips-mt7620,382,
1789913904-1669380,2026-09-21T07:19:10+02:00,1789967950,parallel,build,32_lvrnw,32_lvrnw,ath79-generic,611,
1789913904-1669380,2026-09-21T07:20:29+02:00,1789968029,parallel,build,45_brsd-key,45_brsd,mediatek-filogic,452,
1789913904-1669380,2026-09-21T07:21:05+02:00,1789968065,parallel,build,43_bggl,43_bggl,ipq40xx-generic,478,
1789913904-1669380,2026-09-21T07:21:37+02:00,1789968097,parallel,build,46_odth,46_odth,mpc85xx-p1010,427,
1789913904-1669380,2026-09-21T07:25:31+02:00,1789968331,parallel,build,47_roes-key,47_roes,bcm27xx-bcm2711,420,
1789913904-1669380,2026-09-21T07:26:06+02:00,1789968366,parallel,build,43_bggl,43_bggl,x86-generic,472,
1789913904-1669380,2026-09-21T07:26:29+02:00,1789968389,parallel,build,47_roes,47_roes,ramips-mt7620,383,
1789913904-1669380,2026-09-21T07:26:35+02:00,1789968395,parallel,build,46_odth-key,46_odth,ipq806x-generic,424,
1789913904-1669380,2026-09-21T07:27:34+02:00,1789968454,parallel,build,45_brsd,45_brsd,mediatek-filogic,399,
1789913904-1669380,2026-09-21T07:28:27+02:00,1789968507,parallel,build,44_llng-key,44_llng,ipq40xx-generic,435,
1789913904-1669380,2026-09-21T07:28:53+02:00,1789968533,parallel,build,47_roes-key,47_roes,mpc85xx-p1010,430,
1789913904-1669380,2026-09-21T07:30:51+02:00,1789968651,parallel,build,33_lvrmo-key,33_lvrmo,ath79-generic,644,
1789913904-1669380,2026-09-21T07:34:10+02:00,1789968850,parallel,build,47_roes,47_roes,bcm27xx-bcm2711,506,
1789913904-1669380,2026-09-21T07:35:10+02:00,1789968910,parallel,build,46_odth,46_odth,ipq806x-generic,507,
1789913904-1669380,2026-09-21T07:35:45+02:00,1789968945,parallel,build,44_llng-key,44_llng,x86-generic,568,
1789913904-1669380,2026-09-21T07:36:31+02:00,1789968991,parallel,build,47_roes,47_roes,mpc85xx-p1010,455,
1789913904-1669380,2026-09-21T07:36:39+02:00,1789968999,parallel,build,46_odth-key,46_odth,mediatek-filogic,509,
1789913904-1669380,2026-09-21T07:37:00+02:00,1789969020,parallel,build,44_llng,44_llng,ipq40xx-generic,489,
1789913904-1669380,2026-09-21T07:42:13+02:00,1789969333,parallel,build,33_lvrmo,33_lvrmo,ath79-generic,654,
1789913904-1669380,2026-09-21T07:44:01+02:00,1789969441,parallel,build,47_roes-key,47_roes,ipq806x-generic,509,
1789913904-1669380,2026-09-21T07:45:14+02:00,1789969514,parallel,build,44_llng,44_llng,x86-generic,544,
1789913904-1669380,2026-09-21T07:46:09+02:00,1789969569,parallel,build,46_odth,46_odth,mediatek-filogic,551,
1789913904-1669380,2026-09-21T07:46:11+02:00,1789969571,parallel,build,21_dias,21_dias,x86-64,681,
1789913904-1669380,2026-09-21T07:46:20+02:00,1789969580,parallel,build,45_brsd-key,45_brsd,ipq40xx-generic,541,
1789913904-1669380,2026-09-21T07:50:55+02:00,1789969855,parallel,build,47_roes,47_roes,ipq806x-generic,406,
1789913904-1669380,2026-09-21T07:53:41+02:00,1789970021,parallel,build,45_brsd-key,45_brsd,x86-generic,476,
1789913904-1669380,2026-09-21T07:53:49+02:00,1789970029,parallel,build,47_roes-key,47_roes,mediatek-filogic,450,
1789913904-1669380,2026-09-21T07:54:05+02:00,1789970045,parallel,build,45_brsd,45_brsd,ipq40xx-generic,459,
1789913904-1669380,2026-09-21T07:54:05+02:00,1789970045,parallel,build,34_lvrmw-key,34_lvrmw,ath79-generic,632,
1789913904-1669380,2026-09-21T07:54:48+02:00,1789970088,parallel,build,21_dias,21_dias,mediatek-mt7622,1674,
1789913904-1669380,2026-09-21T07:55:08+02:00,1789970108,parallel,build,10_wlf-key,10_wlf,x86-64,528,
1789913904-1669380,2026-09-21T08:01:35+02:00,1789970495,parallel,build,47_roes,47_roes,mediatek-filogic,446,
1789913904-1669380,2026-09-21T08:02:27+02:00,1789970547,parallel,build,45_brsd,45_brsd,x86-generic,497,
1789913904-1669380,2026-09-21T08:02:48+02:00,1789970568,parallel,build,46_odth-key,46_odth,ipq40xx-generic,489,
1789913904-1669380,2026-09-21T08:03:05+02:00,1789970585,parallel,build,10_wlf-key,10_wlf,mediatek-mt7622,471,
1789913904-1669380,2026-09-21T08:04:27+02:00,1789970667,parallel,build,10_wlf,10_wlf,x86-64,548,
1789913904-1669380,2026-09-21T08:04:58+02:00,1789970698,parallel,build,21_dias,21_dias,ramips-mt7621,1644,
1789913904-1669380,2026-09-21T08:06:21+02:00,1789970781,parallel,build,34_lvrmw,34_lvrmw,ath79-generic,702,
1789913904-1669380,2026-09-21T08:11:17+02:00,1789971077,parallel,build,10_wlf,10_wlf,mediatek-mt7622,486,
1789913904-1669380,2026-09-21T08:12:01+02:00,1789971121,parallel,build,21_dias,21_dias,bcm27xx-bcm2710,583,
1789913904-1669380,2026-09-21T08:12:07+02:00,1789971127,parallel,build,46_odth,46_odth,ipq40xx-generic,548,
1789913904-1669380,2026-09-21T08:12:08+02:00,1789971128,parallel,build,46_odth-key,46_odth,x86-generic,566,
1789913904-1669380,2026-09-21T08:14:15+02:00,1789971255,parallel,build,48_rdvw-key,48_rdvw,x86-64,570,
1789913904-1669380,2026-09-21T08:15:50+02:00,1789971350,parallel,build,10_wlf-key,10_wlf,ramips-mt7621,619,
1789913904-1669380,2026-09-21T08:20:10+02:00,1789971610,parallel,build,35_lvrso-key,35_lvrso,ath79-generic,786,
1789913904-1669380,2026-09-21T08:20:49+02:00,1789971649,parallel,build,48_rdvw-key,48_rdvw,mediatek-mt7622,541,
1789913904-1669380,2026-09-21T08:21:21+02:00,1789971681,parallel,build,10_wlf-key,10_wlf,bcm27xx-bcm2710,557,
1789913904-1669380,2026-09-21T08:22:22+02:00,1789971742,parallel,build,47_roes-key,47_roes,ipq40xx-generic,595,
1789913904-1669380,2026-09-21T08:22:44+02:00,1789971764,parallel,build,46_odth,46_odth,x86-generic,617,
1789913904-1669380,2026-09-21T08:24:03+02:00,1789971843,parallel,build,48_rdvw,48_rdvw,x86-64,556,
1789913904-1669380,2026-09-21T08:26:02+02:00,1789971962,parallel,build,10_wlf,10_wlf,ramips-mt7621,562,
1789913904-1669380,2026-09-21T08:28:33+02:00,1789972113,parallel,build,48_rdvw,48_rdvw,mediatek-mt7622,461,
1789913904-1669380,2026-09-21T08:29:50+02:00,1789972190,parallel,build,10_wlf,10_wlf,bcm27xx-bcm2710,485,
1789913904-1669380,2026-09-21T08:31:06+02:00,1789972266,parallel,build,47_roes,47_roes,ipq40xx-generic,514,
1789913904-1669380,2026-09-21T08:32:16+02:00,1789972336,parallel,build,47_roes-key,47_roes,x86-generic,566,
1789913904-1669380,2026-09-21T08:32:37+02:00,1789972357,parallel,build,35_lvrso,35_lvrso,ath79-generic,709,
1789913904-1669380,2026-09-21T08:33:47+02:00,1789972427,parallel,build,05_mon-key,05_mon,x86-64,556,
1789913904-1669380,2026-09-21T08:36:34+02:00,1789972594,parallel,build,05_mon-key,05_mon,mediatek-mt7622,452,
1789913904-1669380,2026-09-21T08:37:49+02:00,1789972669,parallel,build,48_rdvw-key,48_rdvw,ramips-mt7621,640,
1789913904-1669380,2026-09-21T08:38:37+02:00,1789972717,parallel,build,48_rdvw-key,48_rdvw,bcm27xx-bcm2710,520,
1789913904-1669380,2026-09-21T08:41:32+02:00,1789972892,parallel,build,47_roes,47_roes,x86-generic,516,
1789913904-1669380,2026-09-21T08:42:46+02:00,1789972966,parallel,build,05_mon,05_mon,x86-64,511,
1789913904-1669380,2026-09-21T08:42:52+02:00,1789972972,parallel,build,21_dias,21_dias,ipq40xx-mikrotik,3075,
1789913904-1669380,2026-09-21T08:44:22+02:00,1789973062,parallel,build,05_mon,05_mon,mediatek-mt7622,418,
1789913904-1669380,2026-09-21T08:44:54+02:00,1789973094,parallel,build,36_lvrsw-key,36_lvrsw,ath79-generic,696,
1789913904-1669380,2026-09-21T08:46:43+02:00,1789973203,parallel,build,48_rdvw,48_rdvw,bcm27xx-bcm2710,483,
1789913904-1669380,2026-09-21T08:47:56+02:00,1789973276,parallel,build,48_rdvw,48_rdvw,ramips-mt7621,580,
1789913904-1669380,2026-09-21T08:53:02+02:00,1789973582,parallel,build,13_dusfl-key,13_dusfl,x86-64,609,
1789913904-1669380,2026-09-21T08:53:16+02:00,1789973596,parallel,build,13_dusfl-key,13_dusfl,mediatek-mt7622,519,
1789913904-1669380,2026-09-21T08:53:31+02:00,1789973611,parallel,build,10_wlf-key,10_wlf,ipq40xx-mikrotik,635,
1789913904-1669380,2026-09-21T08:55:33+02:00,1789973733,parallel,build,05_mon-key,05_mon,bcm27xx-bcm2710,478,
1789913904-1669380,2026-09-21T08:56:57+02:00,1789973817,parallel,build,36_lvrsw,36_lvrsw,ath79-generic,688,
1789913904-1669380,2026-09-21T08:58:25+02:00,1789973905,parallel,build,05_mon-key,05_mon,ramips-mt7621,603,
1789913904-1669380,2026-09-21T09:01:36+02:00,1789974096,parallel,build,13_dusfl,13_dusfl,mediatek-mt7622,495,
1789913904-1669380,2026-09-21T09:02:33+02:00,1789974153,parallel,build,10_wlf,10_wlf,ipq40xx-mikrotik,539,
1789913904-1669380,2026-09-21T09:03:04+02:00,1789974184,parallel,build,13_dusfl,13_dusfl,x86-64,591,
1789913904-1669380,2026-09-21T09:03:52+02:00,1789974232,parallel,build,05_mon,05_mon,bcm27xx-bcm2710,488,
1789913904-1669380,2026-09-21T09:08:17+02:00,1789974497,parallel,build,05_mon,05_mon,ramips-mt7621,553,
1789913904-1669380,2026-09-21T09:08:52+02:00,1789974532,parallel,build,37_siwin-key,37_siwin,ath79-generic,688,
1789913904-1669380,2026-09-21T09:10:04+02:00,1789974604,parallel,build,12_dusuk-key,12_dusuk,mediatek-mt7622,477,
1789913904-1669380,2026-09-21T09:11:32+02:00,1789974692,parallel,build,48_rdvw-key,48_rdvw,ipq40xx-mikrotik,513,
1789913904-1669380,2026-09-21T09:12:17+02:00,1789974737,parallel,build,12_dusuk-key,12_dusuk,x86-64,550,
1789913904-1669380,2026-09-21T09:12:18+02:00,1789974738,parallel,build,13_dusfl-key,13_dusfl,bcm27xx-bcm2710,491,
1789913904-1669380,2026-09-21T09:17:22+02:00,1789975042,parallel,build,13_dusfl-key,13_dusfl,ramips-mt7621,510,
1789913904-1669380,2026-09-21T09:17:47+02:00,1789975067,parallel,build,12_dusuk,12_dusuk,mediatek-mt7622,446,
1789913904-1669380,2026-09-21T09:18:32+02:00,1789975112,parallel,build,21_dias,21_dias,ath79-nand,2784,
1789913904-1669380,2026-09-21T09:20:32+02:00,1789975232,parallel,build,37_siwin,37_siwin,ath79-generic,692,
1789913904-1669380,2026-09-21T09:20:39+02:00,1789975239,parallel,build,13_dusfl,13_dusfl,bcm27xx-bcm2710,495,
1789913904-1669380,2026-09-21T09:20:49+02:00,1789975249,parallel,build,48_rdvw,48_rdvw,ipq40xx-mikrotik,527,
1789913904-1669380,2026-09-21T09:21:42+02:00,1789975302,parallel,build,12_dusuk,12_dusuk,x86-64,559,
1789913904-1669380,2026-09-21T09:24:48+02:00,1789975488,parallel,build,01_vel-key,01_vel,mediatek-mt7622,418,
1789913904-1669380,2026-09-21T09:25:53+02:00,1789975553,parallel,build,13_dusfl,13_dusfl,ramips-mt7621,488,
1789913904-1669380,2026-09-21T09:26:09+02:00,1789975569,parallel,build,10_wlf-key,10_wlf,ath79-nand,432,
1789913904-1669380,2026-09-21T09:27:42+02:00,1789975662,parallel,build,12_dusuk-key,12_dusuk,bcm27xx-bcm2710,397,
1789913904-1669380,2026-09-21T09:28:32+02:00,1789975712,parallel,build,05_mon-key,05_mon,ipq40xx-mikrotik,439,
1789913904-1669380,2026-09-21T09:28:42+02:00,1789975722,parallel,build,21_dias,21_dias,lantiq-xrx200,2792,
1789913904-1669380,2026-09-21T09:29:34+02:00,1789975774,parallel,build,01_vel-key,01_vel,x86-64,468,
1789913904-1669380,2026-09-21T09:30:54+02:00,1789975854,parallel,build,38_siwiw-key,38_siwiw,ath79-generic,590,
1789913904-1669380,2026-09-21T09:32:11+02:00,1789975931,parallel,build,01_vel,01_vel,mediatek-mt7622,440,
1789913904-1669380,2026-09-21T09:33:57+02:00,1789976037,parallel,build,10_wlf,10_wlf,ath79-nand,452,
1789913904-1669380,2026-09-21T09:34:53+02:00,1789976093,parallel,build,12_dusuk-key,12_dusuk,ramips-mt7621,509,
1789913904-1669380,2026-09-21T09:35:28+02:00,1789976128,parallel,build,12_dusuk,12_dusuk,bcm27xx-bcm2710,457,
1789913904-1669380,2026-09-21T09:36:41+02:00,1789976201,parallel,build,10_wlf-key,10_wlf,lantiq-xrx200,477,
1789913904-1669380,2026-09-21T09:36:43+02:00,1789976203,parallel,build,05_mon,05_mon,ipq40xx-mikrotik,485,
1789913904-1669380,2026-09-21T09:37:58+02:00,1789976278,parallel,build,01_vel,01_vel,x86-64,498,
1789913904-1669380,2026-09-21T09:39:00+02:00,1789976340,parallel,build,02_met-key,02_met,mediatek-mt7622,401,
1789913904-1669380,2026-09-21T09:41:09+02:00,1789976469,parallel,build,48_rdvw-key,48_rdvw,ath79-nand,425,
1789913904-1669380,2026-09-21T09:42:04+02:00,1789976524,parallel,build,38_siwiw,38_siwiw,ath79-generic,626,
1789913904-1669380,2026-09-21T09:42:57+02:00,1789976577,parallel,build,01_vel-key,01_vel,bcm27xx-bcm2710,446,
1789913904-1669380,2026-09-21T09:44:16+02:00,1789976656,parallel,build,12_dusuk,12_dusuk,ramips-mt7621,530,
1789913904-1669380,2026-09-21T09:44:49+02:00,1789976689,parallel,build,10_wlf,10_wlf,lantiq-xrx200,446,
1789913904-1669380,2026-09-21T09:46:05+02:00,1789976765,parallel,build,13_dusfl-key,13_dusfl,ipq40xx-mikrotik,521,
1789913904-1669380,2026-09-21T09:47:04+02:00,1789976824,parallel,build,02_met,02_met,mediatek-mt7622,460,
1789913904-1669380,2026-09-21T09:47:22+02:00,1789976842,parallel,build,02_met-key,02_met,x86-64,556,
1789913904-1669380,2026-09-21T09:49:19+02:00,1789976959,parallel,build,48_rdvw,48_rdvw,ath79-nand,458,
1789913904-1669380,2026-09-21T09:50:27+02:00,1789977027,parallel,build,01_vel,01_vel,bcm27xx-bcm2710,433,
1789913904-1669380,2026-09-21T09:52:42+02:00,1789977162,parallel,build,48_rdvw-key,48_rdvw,lantiq-xrx200,440,
1789913904-1669380,2026-09-21T09:53:37+02:00,1789977217,parallel,build,39_sin-key,39_sin,ath79-generic,671,
1789913904-1669380,2026-09-21T09:55:01+02:00,1789977301,parallel,build,01_vel-key,01_vel,ramips-mt7621,614,
1789913904-1669380,2026-09-21T09:55:53+02:00,1789977353,parallel,build,03_rat-key,03_rat,mediatek-mt7622,507,
1789913904-1669380,2026-09-21T09:56:00+02:00,1789977360,parallel,build,13_dusfl,13_dusfl,ipq40xx-mikrotik,577,
1789913904-1669380,2026-09-21T09:56:52+02:00,1789977412,parallel,build,02_met,02_met,x86-64,566,
1789913904-1669380,2026-09-21T09:58:09+02:00,1789977489,parallel,build,05_mon-key,05_mon,ath79-nand,519,
1789913904-1669380,2026-09-21T09:59:09+02:00,1789977549,parallel,build,02_met-key,02_met,bcm27xx-bcm2710,515,
1789913904-1669380,2026-09-21T10:00:39+02:00,1789977639,parallel,build,48_rdvw,48_rdvw,lantiq-xrx200,456,
1789913904-1669380,2026-09-21T10:02:46+02:00,1789977766,parallel,build,03_rat,03_rat,mediatek-mt7622,408,
1789913904-1669380,2026-09-21T10:03:32+02:00,1789977812,parallel,build,01_vel,01_vel,ramips-mt7621,481,
1789913904-1669380,2026-09-21T10:03:33+02:00,1789977813,parallel,build,12_dusuk-key,12_dusuk,ipq40xx-mikrotik,450,
1789913904-1669380,2026-09-21T10:04:52+02:00,1789977892,parallel,build,39_sin,39_sin,ath79-generic,634,
1789913904-1669380,2026-09-21T10:04:59+02:00,1789977899,parallel,build,03_rat-key,03_rat,x86-64,474,
1789913904-1669380,2026-09-21T10:05:19+02:00,1789977919,parallel,build,05_mon,05_mon,ath79-nand,427,
1789913904-1669380,2026-09-21T10:06:22+02:00,1789977982,parallel,build,02_met,02_met,bcm27xx-bcm2710,411,
1789913904-1669380,2026-09-21T10:07:23+02:00,1789978043,parallel,build,05_mon-key,05_mon,lantiq-xrx200,393,
1789913904-1669380,2026-09-21T10:08:56+02:00,1789978136,parallel,build,04_hld-key,04_hld,mediatek-mt7622,363,
1789913904-1669380,2026-09-21T10:10:54+02:00,1789978254,parallel,build,12_dusuk,12_dusuk,ipq40xx-mikrotik,429,
1789913904-1669380,2026-09-21T10:11:36+02:00,1789978296,parallel,build,02_met-key,02_met,ramips-mt7621,471,
1789913904-1669380,2026-09-21T10:12:31+02:00,1789978351,parallel,build,13_dusfl-key,13_dusfl,ath79-nand,422,
1789913904-1669380,2026-09-21T10:13:21+02:00,1789978401,parallel,build,03_rat,03_rat,x86-64,477,
1789913904-1669380,2026-09-21T10:13:50+02:00,1789978430,parallel,build,03_rat-key,03_rat,bcm27xx-bcm2710,443,
1789913904-1669380,2026-09-21T10:14:42+02:00,1789978482,parallel,build,05_mon,05_mon,lantiq-xrx200,430,
1789913904-1669380,2026-09-21T10:15:33+02:00,1789978533,parallel,build,40_sim-key,40_sim,ath79-generic,608,
1789913904-1669380,2026-09-21T10:16:57+02:00,1789978617,parallel,build,04_hld,04_hld,mediatek-mt7622,459,
1789913904-1669380,2026-09-21T10:19:45+02:00,1789978785,parallel,build,01_vel-key,01_vel,ipq40xx-mikrotik,498,
1789913904-1669380,2026-09-21T10:20:20+02:00,1789978820,parallel,build,13_dusfl,13_dusfl,ath79-nand,456,
1789913904-1669380,2026-09-21T10:21:07+02:00,1789978867,parallel,build,02_met,02_met,ramips-mt7621,548,
1789913904-1669380,2026-09-21T10:22:05+02:00,1789978925,parallel,build,03_rat,03_rat,bcm27xx-bcm2710,489,
1789913904-1669380,2026-09-21T10:22:53+02:00,1789978973,parallel,build,04_hld-key,04_hld,x86-64,563,
1789913904-1669380,2026-09-21T10:23:13+02:00,1789978993,parallel,build,13_dusfl-key,13_dusfl,lantiq-xrx200,504,
1789913904-1669380,2026-09-21T10:25:10+02:00,1789979110,parallel,build,06_han-key,06_han,mediatek-mt7622,487,
1789913904-1669380,2026-09-21T10:28:28+02:00,1789979308,parallel,build,40_sim,40_sim,ath79-generic,728,
1789913904-1669380,2026-09-21T10:29:45+02:00,1789979385,parallel,build,12_dusuk-key,12_dusuk,ath79-nand,563,
1789913904-1669380,2026-09-21T10:30:07+02:00,1789979407,parallel,build,01_vel,01_vel,ipq40xx-mikrotik,589,
1789913904-1669380,2026-09-21T10:30:51+02:00,1789979451,parallel,build,04_hld-key,04_hld,bcm27xx-bcm2710,494,
1789913904-1669380,2026-09-21T10:31:24+02:00,1789979484,parallel,build,03_rat-key,03_rat,ramips-mt7621,596,
1789913904-1669380,2026-09-21T10:31:36+02:00,1789979496,parallel,build,13_dusfl,13_dusfl,lantiq-xrx200,476,
1789913904-1669380,2026-09-21T10:32:40+02:00,1789979560,parallel,build,04_hld,04_hld,x86-64,558,
1789913904-1669380,2026-09-21T10:33:10+02:00,1789979590,parallel,build,06_han,06_han,mediatek-mt7622,456,
1789913904-1669380,2026-09-21T10:36:16+02:00,1789979776,parallel,build,12_dusuk,12_dusuk,ath79-nand,382,
1789913904-1669380,2026-09-21T10:37:10+02:00,1789979830,parallel,build,02_met-key,02_met,ipq40xx-mikrotik,419,
1789913904-1669380,2026-09-21T10:37:37+02:00,1789979857,parallel,build,04_hld,04_hld,bcm27xx-bcm2710,392,
1789913904-1669380,2026-09-21T10:38:52+02:00,1789979932,parallel,build,12_dusuk-key,12_dusuk,lantiq-xrx200,403,
1789913904-1669380,2026-09-21T10:39:32+02:00,1789979972,parallel,build,41_sis-key,41_sis,ath79-generic,624,
1789913904-1669380,2026-09-21T10:40:50+02:00,1789980050,parallel,build,03_rat,03_rat,ramips-mt7621,525,
1789913904-1669380,2026-09-21T10:41:31+02:00,1789980091,parallel,build,07_erk-key,07_erk,mediatek-mt7622,496,
1789913904-1669380,2026-09-21T10:41:56+02:00,1789980116,parallel,build,06_han-key,06_han,x86-64,549,
1789913904-1669380,2026-09-21T10:44:38+02:00,1789980278,parallel,build,01_vel-key,01_vel,ath79-nand,492,
1789913904-1669380,2026-09-21T10:45:48+02:00,1789980348,parallel,build,06_han-key,06_han,bcm27xx-bcm2710,469,
1789913904-1669380,2026-09-21T10:46:25+02:00,1789980385,parallel,build,02_met,02_met,ipq40xx-mikrotik,530,
1789913904-1669380,2026-09-21T10:46:59+02:00,1789980419,parallel,build,12_dusuk,12_dusuk,lantiq-xrx200,457,
1789913904-1669380,2026-09-21T10:48:20+02:00,1789980500,parallel,build,07_erk,07_erk,mediatek-mt7622,409,
1789913904-1669380,2026-09-21T10:49:44+02:00,1789980584,parallel,build,04_hld-key,04_hld,ramips-mt7621,494,
1789913904-1669380,2026-09-21T10:50:05+02:00,1789980605,parallel,build,06_han,06_han,x86-64,484,
1789913904-1669380,2026-09-21T10:50:24+02:00,1789980624,parallel,build,41_sis,41_sis,ath79-generic,633,
1789913904-1669380,2026-09-21T10:52:27+02:00,1789980747,parallel,build,01_vel,01_vel,ath79-nand,440,
1789913904-1669380,2026-09-21T10:53:28+02:00,1789980808,parallel,build,06_han,06_han,bcm27xx-bcm2710,449,
1789913904-1669380,2026-09-21T10:54:08+02:00,1789980848,parallel,build,01_vel-key,01_vel,lantiq-xrx200,424,
1789913904-1669380,2026-09-21T10:54:59+02:00,1789980899,parallel,build,03_rat-key,03_rat,ipq40xx-mikrotik,490,
1789913904-1669380,2026-09-21T10:55:10+02:00,1789980910,parallel,build,08_hlg-key,08_hlg,mediatek-mt7622,401,
1789913904-1669380,2026-09-21T10:58:33+02:00,1789981113,parallel,build,04_hld,04_hld,ramips-mt7621,493,
1789913904-1669380,2026-09-21T10:59:33+02:00,1789981173,parallel,build,07_erk-key,07_erk,x86-64,524,
1789913904-1669380,2026-09-21T11:00:32+02:00,1789981232,parallel,build,02_met-key,02_met,ath79-nand,452,
1789913904-1669380,2026-09-21T11:01:27+02:00,1789981287,parallel,build,01_vel,01_vel,lantiq-xrx200,419,
1789913904-1669380,2026-09-21T11:01:33+02:00,1789981293,parallel,build,07_erk-key,07_erk,bcm27xx-bcm2710,476,
1789913904-1669380,2026-09-21T11:01:56+02:00,1789981316,parallel,build,42_siwil-key,42_siwil,ath79-generic,668,
1789913904-1669380,2026-09-21T11:02:35+02:00,1789981355,parallel,build,08_hlg,08_hlg,mediatek-mt7622,441,
1789913904-1669380,2026-09-21T11:03:10+02:00,1789981390,parallel,build,03_rat,03_rat,ipq40xx-mikrotik,487,
1789913904-1669380,2026-09-21T11:06:40+02:00,1789981600,parallel,build,06_han-key,06_han,ramips-mt7621,446,
1789913904-1669380,2026-09-21T11:06:45+02:00,1789981605,parallel,build,07_erk,07_erk,x86-64,425,
1789913904-1669380,2026-09-21T11:08:09+02:00,1789981689,parallel,build,02_met,02_met,ath79-nand,429,
1789913904-1669380,2026-09-21T11:08:50+02:00,1789981730,parallel,build,02_met-key,02_met,lantiq-xrx200,422,
1789913904-1669380,2026-09-21T11:09:29+02:00,1789981769,parallel,build,07_erk,07_erk,bcm27xx-bcm2710,461,
1789913904-1669380,2026-09-21T11:09:43+02:00,1789981783,parallel,build,09_lgf-key,09_lgf,mediatek-mt7622,426,
1789913904-1669380,2026-09-21T11:11:11+02:00,1789981871,parallel,build,04_hld-key,04_hld,ipq40xx-mikrotik,479,
1789913904-1669380,2026-09-21T11:12:40+02:00,1789981960,parallel,build,42_siwil,42_siwil,ath79-generic,609,
1789913904-1669380,2026-09-21T11:15:54+02:00,1789982154,parallel,build,03_rat-key,03_rat,ath79-nand,434,
1789913904-1669380,2026-09-21T11:16:27+02:00,1789982187,parallel,build,08_hlg-key,08_hlg,x86-64,530,
1789913904-1669380,2026-09-21T11:16:38+02:00,1789982198,parallel,build,02_met,02_met,lantiq-xrx200,445,
1789913904-1669380,2026-09-21T11:16:43+02:00,1789982203,parallel,build,06_han,06_han,ramips-mt7621,546,
1789913904-1669380,2026-09-21T11:17:37+02:00,1789982257,parallel,build,09_lgf,09_lgf,mediatek-mt7622,469,
1789913904-1669380,2026-09-21T11:17:57+02:00,1789982277,parallel,build,08_hlg-key,08_hlg,bcm27xx-bcm2710,501,
1789913904-1669380,2026-09-21T11:20:44+02:00,1789982444,parallel,build,04_hld,04_hld,ipq40xx-mikrotik,553,
1789913904-1669380,2026-09-21T11:25:35+02:00,1789982735,parallel,build,43_bggl-key,43_bggl,ath79-generic,740,
1789913904-1669380,2026-09-21T11:25:49+02:00,1789982749,parallel,build,03_rat-key,03_rat,lantiq-xrx200,502,
1789913904-1669380,2026-09-21T11:25:58+02:00,1789982758,parallel,build,03_rat,03_rat,ath79-nand,511,
1789913904-1669380,2026-09-21T11:26:01+02:00,1789982761,parallel,build,11_lvr-key,11_lvr,mediatek-mt7622,502,
1789913904-1669380,2026-09-21T11:27:01+02:00,1789982821,parallel,build,08_hlg,08_hlg,bcm27xx-bcm2710,541,
1789913904-1669380,2026-09-21T11:27:40+02:00,1789982860,parallel,build,08_hlg,08_hlg,x86-64,613,
1789913904-1669380,2026-09-21T11:27:55+02:00,1789982875,parallel,build,07_erk-key,07_erk,ramips-mt7621,627,
1789913904-1669380,2026-09-21T11:29:49+02:00,1789982989,parallel,build,06_han-key,06_han,ipq40xx-mikrotik,540,
1789913904-1669380,2026-09-21T11:33:10+02:00,1789983190,parallel,build,11_lvr,11_lvr,mediatek-mt7622,401,
1789913904-1669380,2026-09-21T11:33:24+02:00,1789983204,parallel,build,03_rat,03_rat,lantiq-xrx200,414,
1789913904-1669380,2026-09-21T11:33:53+02:00,1789983233,parallel,build,04_hld-key,04_hld,ath79-nand,444,
1789913904-1669380,2026-09-21T11:34:37+02:00,1789983277,parallel,build,09_lgf-key,09_lgf,bcm27xx-bcm2710,427,
1789913904-1669380,2026-09-21T11:35:52+02:00,1789983352,parallel,build,09_lgf-key,09_lgf,x86-64,489,
1789913904-1669380,2026-09-21T11:37:18+02:00,1789983438,parallel,build,43_bggl,43_bggl,ath79-generic,654,
1789913904-1669380,2026-09-21T11:37:37+02:00,1789983457,parallel,build,07_erk,07_erk,ramips-mt7621,557,
1789913904-1669380,2026-09-21T11:38:46+02:00,1789983526,parallel,build,06_han,06_han,ipq40xx-mikrotik,532,
1789913904-1669380,2026-09-21T11:41:11+02:00,1789983671,parallel,build,14_bar-key,14_bar,mediatek-mt7622,469,
1789913904-1669380,2026-09-21T11:41:40+02:00,1789983700,parallel,build,04_hld-key,04_hld,lantiq-xrx200,467,
1789913904-1669380,2026-09-21T11:42:04+02:00,1789983724,parallel,build,04_hld,04_hld,ath79-nand,487,
1789913904-1669380,2026-09-21T11:42:47+02:00,1789983767,parallel,build,09_lgf,09_lgf,bcm27xx-bcm2710,482,
1789913904-1669380,2026-09-21T11:45:32+02:00,1789983932,parallel,build,09_lgf,09_lgf,x86-64,574,
1789913904-1669380,2026-09-21T11:47:20+02:00,1789984040,parallel,build,08_hlg-key,08_hlg,ramips-mt7621,578,
1789913904-1669380,2026-09-21T11:48:08+02:00,1789984088,parallel,build,07_erk-key,07_erk,ipq40xx-mikrotik,530,
1789913904-1669380,2026-09-21T11:49:00+02:00,1789984140,parallel,build,44_llng-key,44_llng,ath79-generic,689,
1789913904-1669380,2026-09-21T11:49:11+02:00,1789984151,parallel,build,14_bar,14_bar,mediatek-mt7622,454,
1789913904-1669380,2026-09-21T11:49:42+02:00,1789984182,parallel,build,04_hld,04_hld,lantiq-xrx200,461,
1789913904-1669380,2026-09-21T11:50:10+02:00,1789984210,parallel,build,06_han-key,06_han,ath79-nand,481,
1789913904-1669380,2026-09-21T11:50:36+02:00,1789984236,parallel,build,11_lvr-key,11_lvr,bcm27xx-bcm2710,445,
1789913904-1669380,2026-09-21T11:53:11+02:00,1789984391,parallel,build,11_lvr-key,11_lvr,x86-64,445,
1789913904-1669380,2026-09-21T11:55:29+02:00,1789984529,parallel,build,08_hlg,08_hlg,ramips-mt7621,479,
1789913904-1669380,2026-09-21T11:56:49+02:00,1789984609,parallel,build,07_erk,07_erk,ipq40xx-mikrotik,516,
1789913904-1669380,2026-09-21T11:57:26+02:00,1789984646,parallel,build,15_mrh-key,15_mrh,mediatek-mt7622,458,
1789913904-1669380,2026-09-21T11:57:33+02:00,1789984653,parallel,build,06_han-key,06_han,lantiq-xrx200,464,
1789913904-1669380,2026-09-21T11:58:16+02:00,1789984696,parallel,build,06_han,06_han,ath79-nand,481,
1789913904-1669380,2026-09-21T11:59:02+02:00,1789984742,parallel,build,11_lvr,11_lvr,bcm27xx-bcm2710,504,
1789913904-1669380,2026-09-21T12:01:15+02:00,1789984875,parallel,build,44_llng,44_llng,ath79-generic,694,
1789913904-1669380,2026-09-21T12:03:14+02:00,1789984994,parallel,build,11_lvr,11_lvr,x86-64,589,
1789913904-1669380,2026-09-21T12:04:50+02:00,1789985090,parallel,build,15_mrh,15_mrh,mediatek-mt7622,428,
1789913904-1669380,2026-09-21T12:05:02+02:00,1789985102,parallel,build,06_han,06_han,lantiq-xrx200,440,
1789913904-1669380,2026-09-21T12:05:07+02:00,1789985107,parallel,build,08_hlg-key,08_hlg,ipq40xx-mikrotik,492,
1789913904-1669380,2026-09-21T12:05:31+02:00,1789985131,parallel,build,09_lgf-key,09_lgf,ramips-mt7621,532,
1789913904-1669380,2026-09-21T12:05:55+02:00,1789985155,parallel,build,07_erk-key,07_erk,ath79-nand,437,
1789913904-1669380,2026-09-21T12:06:27+02:00,1789985187,parallel,build,14_bar-key,14_bar,bcm27xx-bcm2710,440,
1789913904-1669380,2026-09-21T12:10:54+02:00,1789985454,parallel,build,14_bar-key,14_bar,x86-64,449,
1789913904-1669380,2026-09-21T12:11:50+02:00,1789985510,parallel,build,16_gmb-key,16_gmb,mediatek-mt7622,409,
1789913904-1669380,2026-09-21T12:12:11+02:00,1789985531,parallel,build,45_brsd-key,45_brsd,ath79-generic,628,
1789913904-1669380,2026-09-21T12:12:14+02:00,1789985534,parallel,build,07_erk-key,07_erk,lantiq-xrx200,428,
1789913904-1669380,2026-09-21T12:13:36+02:00,1789985616,parallel,build,08_hlg,08_hlg,ipq40xx-mikrotik,506,
1789913904-1669380,2026-09-21T12:14:11+02:00,1789985651,parallel,build,07_erk,07_erk,ath79-nand,491,
1789913904-1669380,2026-09-21T12:14:50+02:00,1789985690,parallel,build,14_bar,14_bar,bcm27xx-bcm2710,478,
1789913904-1669380,2026-09-21T12:15:33+02:00,1789985733,parallel,build,09_lgf,09_lgf,ramips-mt7621,576,
1789913904-1669380,2026-09-21T12:19:05+02:00,1789985945,parallel,build,16_gmb,16_gmb,mediatek-mt7622,419,
1789913904-1669380,2026-09-21T12:19:40+02:00,1789985980,parallel,build,07_erk,07_erk,lantiq-xrx200,399,
1789913904-1669380,2026-09-21T12:19:58+02:00,1789985998,parallel,build,14_bar,14_bar,x86-64,508,
1789913904-1669380,2026-09-21T12:21:01+02:00,1789986061,parallel,build,08_hlg-key,08_hlg,ath79-nand,404,
1789913904-1669380,2026-09-21T12:21:31+02:00,1789986091,parallel,build,09_lgf-key,09_lgf,ipq40xx-mikrotik,450,
1789913904-1669380,2026-09-21T12:22:04+02:00,1789986124,parallel,build,15_mrh-key,15_mrh,bcm27xx-bcm2710,410,
1789913904-1669380,2026-09-21T12:23:05+02:00,1789986185,parallel,build,45_brsd,45_brsd,ath79-generic,635,
1789913904-1669380,2026-09-21T12:24:07+02:00,1789986247,parallel,build,11_lvr-key,11_lvr,ramips-mt7621,508,
1789913904-1669380,2026-09-21T12:26:53+02:00,1789986413,parallel,build,17_wip-key,17_wip,mediatek-mt7622,453,
1789913904-1669380,2026-09-21T12:27:18+02:00,1789986438,parallel,build,08_hlg-key,08_hlg,lantiq-xrx200,447,
1789913904-1669380,2026-09-21T12:28:25+02:00,1789986505,parallel,build,15_mrh-key,15_mrh,x86-64,500,
1789913904-1669380,2026-09-21T12:29:15+02:00,1789986555,parallel,build,08_hlg,08_hlg,ath79-nand,489,
1789913904-1669380,2026-09-21T12:30:07+02:00,1789986607,parallel,build,15_mrh,15_mrh,bcm27xx-bcm2710,475,
1789913904-1669380,2026-09-21T12:30:15+02:00,1789986615,parallel,build,09_lgf,09_lgf,ipq40xx-mikrotik,516,
1789913904-1669380,2026-09-21T12:32:50+02:00,1789986770,parallel,build,11_lvr,11_lvr,ramips-mt7621,502,
1789913904-1669380,2026-09-21T12:33:54+02:00,1789986834,parallel,build,46_odth-key,46_odth,ath79-generic,615,
1789913904-1669380,2026-09-21T12:34:37+02:00,1789986877,parallel,build,17_wip,17_wip,mediatek-mt7622,441,
1789913904-1669380,2026-09-21T12:35:43+02:00,1789986943,parallel,build,08_hlg,08_hlg,lantiq-xrx200,481,
1789913904-1669380,2026-09-21T12:36:46+02:00,1789987006,parallel,build,09_lgf-key,09_lgf,ath79-nand,449,
1789913904-1669380,2026-09-21T12:37:50+02:00,1789987070,parallel,build,15_mrh,15_mrh,x86-64,516,
1789913904-1669380,2026-09-21T12:38:22+02:00,1789987102,parallel,build,16_gmb-key,16_gmb,bcm27xx-bcm2710,480,
1789913904-1669380,2026-09-21T12:38:54+02:00,1789987134,parallel,build,11_lvr-key,11_lvr,ipq40xx-mikrotik,508,
1789913904-1669380,2026-09-21T12:42:29+02:00,1789987349,parallel,build,14_bar-key,14_bar,ramips-mt7621,573,
1789913904-1669380,2026-09-21T12:42:58+02:00,1789987378,parallel,build,19_agi-key,19_agi,mediatek-mt7622,466,
1789913904-1669380,2026-09-21T12:43:51+02:00,1789987431,parallel,build,09_lgf-key,09_lgf,lantiq-xrx200,459,
1789913904-1669380,2026-09-21T12:44:53+02:00,1789987493,parallel,build,09_lgf,09_lgf,ath79-nand,459,
1789913904-1669380,2026-09-21T12:45:54+02:00,1789987554,parallel,build,16_gmb,16_gmb,bcm27xx-bcm2710,449,
1789913904-1669380,2026-09-21T12:46:39+02:00,1789987599,parallel,build,46_odth,46_odth,ath79-generic,737,
1789913904-1669380,2026-09-21T12:46:40+02:00,1789987600,parallel,build,16_gmb-key,16_gmb,x86-64,509,
1789913904-1669380,2026-09-21T12:47:21+02:00,1789987641,parallel,build,11_lvr,11_lvr,ipq40xx-mikrotik,502,
1789913904-1669380,2026-09-21T12:49:40+02:00,1789987780,parallel,build,19_agi,19_agi,mediatek-mt7622,394,
1789913904-1669380,2026-09-21T12:50:53+02:00,1789987853,parallel,build,14_bar,14_bar,ramips-mt7621,492,
1789913904-1669380,2026-09-21T12:51:06+02:00,1789987866,parallel,build,09_lgf,09_lgf,lantiq-xrx200,405,
1789913904-1669380,2026-09-21T12:51:52+02:00,1789987912,parallel,build,11_lvr-key,11_lvr,ath79-nand,399,
1789913904-1669380,2026-09-21T12:52:28+02:00,1789987948,parallel,build,17_wip-key,17_wip,bcm27xx-bcm2710,379,
1789913904-1669380,2026-09-21T12:54:46+02:00,1789988086,parallel,build,16_gmb,16_gmb,x86-64,455,
1789913904-1669380,2026-09-21T12:55:09+02:00,1789988109,parallel,build,14_bar-key,14_bar,ipq40xx-mikrotik,458,
1789913904-1669380,2026-09-21T12:56:17+02:00,1789988177,parallel,build,20_grt-key,20_grt,mediatek-mt7622,390,
1789913904-1669380,2026-09-21T12:57:44+02:00,1789988264,parallel,build,47_roes-key,47_roes,ath79-generic,633,
1789913904-1669380,2026-09-21T12:58:51+02:00,1789988331,parallel,build,11_lvr-key,11_lvr,lantiq-xrx200,462,
1789913904-1669380,2026-09-21T13:00:14+02:00,1789988414,parallel,build,11_lvr,11_lvr,ath79-nand,496,
1789913904-1669380,2026-09-21T13:00:46+02:00,1789988446,parallel,build,15_mrh-key,15_mrh,ramips-mt7621,582,
1789913904-1669380,2026-09-21T13:01:21+02:00,1789988481,parallel,build,17_wip,17_wip,bcm27xx-bcm2710,501,
1789913904-1669380,2026-09-21T13:03:44+02:00,1789988624,parallel,build,17_wip-key,17_wip,x86-64,530,
1789913904-1669380,2026-09-21T13:04:18+02:00,1789988658,parallel,build,14_bar,14_bar,ipq40xx-mikrotik,547,
1789913904-1669380,2026-09-21T13:04:29+02:00,1789988669,parallel,build,20_grt,20_grt,mediatek-mt7622,436,
1789913904-1669380,2026-09-21T13:06:06+02:00,1789988766,parallel,build,11_lvr,11_lvr,lantiq-xrx200,405,
1789913904-1669380,2026-09-21T13:07:43+02:00,1789988863,parallel,build,14_bar-key,14_bar,ath79-nand,418,
1789913904-1669380,2026-09-21T13:08:39+02:00,1789988919,parallel,build,19_agi-key,19_agi,bcm27xx-bcm2710,435,
1789913904-1669380,2026-09-21T13:09:08+02:00,1789988948,parallel,build,47_roes,47_roes,ath79-generic,654,
1789913904-1669380,2026-09-21T13:09:35+02:00,1789988975,parallel,build,15_mrh,15_mrh,ramips-mt7621,524,
1789913904-1669380,2026-09-21T13:12:14+02:00,1789989134,parallel,build,22_dusukn-key,22_dusukn,mediatek-mt7622,461,
1789913904-1669380,2026-09-21T13:12:49+02:00,1789989169,parallel,build,17_wip,17_wip,x86-64,519,
1789913904-1669380,2026-09-21T13:13:22+02:00,1789989202,parallel,build,15_mrh-key,15_mrh,ipq40xx-mikrotik,542,
1789913904-1669380,2026-09-21T13:14:01+02:00,1789989241,parallel,build,14_bar-key,14_bar,lantiq-xrx200,450,
1789913904-1669380,2026-09-21T13:15:34+02:00,1789989334,parallel,build,14_bar,14_bar,ath79-nand,465,
1789913904-1669380,2026-09-21T13:17:07+02:00,1789989427,parallel,build,19_agi,19_agi,bcm27xx-bcm2710,484,
1789913904-1669380,2026-09-21T13:18:18+02:00,1789989498,parallel,build,16_gmb-key,16_gmb,ramips-mt7621,520,
1789913904-1669380,2026-09-21T13:20:15+02:00,1789989615,parallel,build,22_dusukn,22_dusukn,mediatek-mt7622,477,
1789913904-1669380,2026-09-21T13:22:11+02:00,1789989731,parallel,build,14_bar,14_bar,lantiq-xrx200,464,
1789913904-1669380,2026-09-21T13:22:47+02:00,1789989767,parallel,build,15_mrh,15_mrh,ipq40xx-mikrotik,561,
1789913904-1669380,2026-09-21T13:22:59+02:00,1789989779,parallel,build,19_agi-key,19_agi,x86-64,573,
1789913904-1669380,2026-09-21T13:23:57+02:00,1789989837,parallel,build,15_mrh-key,15_mrh,ath79-nand,466,
1789913904-1669380,2026-09-21T13:24:52+02:00,1789989892,parallel,build,20_grt-key,20_grt,bcm27xx-bcm2710,460,
1789913904-1669380,2026-09-21T13:28:10+02:00,1789990090,parallel,build,23_dusuks-key,23_dusuks,mediatek-mt7622,445,
1789913904-1669380,2026-09-21T13:28:22+02:00,1789990102,parallel,build,16_gmb,16_gmb,ramips-mt7621,545,
1789913904-1669380,2026-09-21T13:29:44+02:00,1789990184,parallel,build,15_mrh-key,15_mrh,lantiq-xrx200,420,
1789913904-1669380,2026-09-21T13:31:12+02:00,1789990272,parallel,build,16_gmb-key,16_gmb,ipq40xx-mikrotik,504,
1789913904-1669380,2026-09-21T13:31:38+02:00,1789990298,parallel,build,19_agi,19_agi,x86-64,515,
1789913904-1669380,2026-09-21T13:32:34+02:00,1789990354,parallel,build,15_mrh,15_mrh,ath79-nand,495,
1789913904-1669380,2026-09-21T13:33:22+02:00,1789990402,parallel,build,20_grt,20_grt,bcm27xx-bcm2710,484,
1789913904-1669380,2026-09-21T13:34:55+02:00,1789990495,parallel,build,23_dusuks,23_dusuks,mediatek-mt7622,401,
1789913904-1669380,2026-09-21T13:36:41+02:00,1789990601,parallel,build,17_wip-key,17_wip,ramips-mt7621,481,
1789913904-1669380,2026-09-21T13:36:41+02:00,1789990601,parallel,build,15_mrh,15_mrh,lantiq-xrx200,374,
1789913904-1669380,2026-09-21T13:38:59+02:00,1789990739,parallel,build,16_gmb,16_gmb,ipq40xx-mikrotik,456,
1789913904-1669380,2026-09-21T13:40:16+02:00,1789990816,parallel,build,20_grt-key,20_grt,x86-64,496,
1789913904-1669380,2026-09-21T13:41:07+02:00,1789990867,parallel,build,16_gmb-key,16_gmb,ath79-nand,492,
1789913904-1669380,2026-09-21T13:41:41+02:00,1789990901,parallel,build,22_dusukn-key,22_dusukn,bcm27xx-bcm2710,474,
1789913904-1669380,2026-09-21T13:42:34+02:00,1789990954,parallel,build,24_dusukw-key,24_dusukw,mediatek-mt7622,447,
1789913904-1669380,2026-09-21T13:45:24+02:00,1789991124,parallel,build,16_gmb-key,16_gmb,lantiq-xrx200,474,
1789913904-1669380,2026-09-21T13:47:04+02:00,1789991224,parallel,build,17_wip,17_wip,ramips-mt7621,574,
1789913904-1669380,2026-09-21T13:48:58+02:00,1789991338,parallel,build,17_wip-key,17_wip,ipq40xx-mikrotik,568,
1789913904-1669380,2026-09-21T13:49:52+02:00,1789991392,parallel,build,16_gmb,16_gmb,ath79-nand,519,
1789913904-1669380,2026-09-21T13:50:02+02:00,1789991402,parallel,build,20_grt,20_grt,x86-64,548,
1789913904-1669380,2026-09-21T13:50:34+02:00,1789991434,parallel,build,22_dusukn,22_dusukn,bcm27xx-bcm2710,510,
1789913904-1669380,2026-09-21T13:50:45+02:00,1789991445,parallel,build,24_dusukw,24_dusukw,mediatek-mt7622,453,
1789913904-1669380,2026-09-21T13:52:28+02:00,1789991548,parallel,build,16_gmb,16_gmb,lantiq-xrx200,412,
1789913904-1669380,2026-09-21T13:54:52+02:00,1789991692,parallel,build,21_dias,21_dias,mpc85xx-p1020,2692,
1789913904-1669380,2026-09-21T13:55:43+02:00,1789991743,parallel,build,19_agi-key,19_agi,ramips-mt7621,473,
1789913904-1669380,2026-09-21T13:57:10+02:00,1789991830,parallel,build,17_wip,17_wip,ipq40xx-mikrotik,466,
1789913904-1669380,2026-09-21T13:57:47+02:00,1789991867,parallel,build,17_wip-key,17_wip,ath79-nand,467,
1789913904-1669380,2026-09-21T13:58:21+02:00,1789991901,parallel,build,30_sol-key,30_sol,mediatek-mt7622,452,
1789913904-1669380,2026-09-21T13:58:53+02:00,1789991933,parallel,build,22_dusukn-key,22_dusukn,x86-64,526,
1789913904-1669380,2026-09-21T13:58:54+02:00,1789991934,parallel,build,23_dusuks-key,23_dusuks,bcm27xx-bcm2710,494,
1789913904-1669380,2026-09-21T14:00:23+02:00,1789992023,parallel,build,17_wip-key,17_wip,lantiq-xrx200,468,
1789913904-1669380,2026-09-21T14:03:13+02:00,1789992193,parallel,build,10_wlf-key,10_wlf,mpc85xx-p1020,458,
1789913904-1669380,2026-09-21T14:04:20+02:00,1789992260,parallel,build,19_agi,19_agi,ramips-mt7621,490,
1789913904-1669380,2026-09-21T14:05:17+02:00,1789992317,parallel,build,17_wip,17_wip,ath79-nand,447,
1789913904-1669380,2026-09-21T14:05:44+02:00,1789992344,parallel,build,30_sol,30_sol,mediatek-mt7622,411,
1789913904-1669380,2026-09-21T14:05:52+02:00,1789992352,parallel,build,19_agi-key,19_agi,ipq40xx-mikrotik,486,
1789913904-1669380,2026-09-21T14:06:03+02:00,1789992363,parallel,build,23_dusuks,23_dusuks,bcm27xx-bcm2710,428,
1789913904-1669380,2026-09-21T14:06:40+02:00,1789992400,parallel,build,22_dusukn,22_dusukn,x86-64,468,
1789913904-1669380,2026-09-21T14:07:56+02:00,1789992476,parallel,build,17_wip,17_wip,lantiq-xrx200,424,
1789913904-1669380,2026-09-21T14:10:08+02:00,1789992608,parallel,build,10_wlf,10_wlf,mpc85xx-p1020,409,
1789913904-1669380,2026-09-21T14:11:43+02:00,1789992703,parallel,build,19_agi-key,19_agi,ath79-nand,376,
1789913904-1669380,2026-09-21T14:12:17+02:00,1789992737,parallel,build,18_nefuk-key,18_nefuk,mediatek-mt7622,371,
1789913904-1669380,2026-09-21T14:13:14+02:00,1789992794,parallel,build,24_dusukw-key,24_dusukw,bcm27xx-bcm2710,425,
1789913904-1669380,2026-09-21T14:13:17+02:00,1789992797,parallel,build,20_grt-key,20_grt,ramips-mt7621,489,
1789913904-1669380,2026-09-21T14:13:44+02:00,1789992824,parallel,build,19_agi,19_agi,ipq40xx-mikrotik,454,
1789913904-1669380,2026-09-21T14:14:31+02:00,1789992871,parallel,build,23_dusuks-key,23_dusuks,x86-64,464,
1789913904-1669380,2026-09-21T14:15:02+02:00,1789992902,parallel,build,19_agi-key,19_agi,lantiq-xrx200,416,
1789913904-1669380,2026-09-21T14:16:58+02:00,1789993018,parallel,build,48_rdvw-key,48_rdvw,mpc85xx-p1020,391,
1789913904-1669380,2026-09-21T14:18:29+02:00,1789993109,parallel,build,18_nefuk,18_nefuk,mediatek-mt7622,340,
1789913904-1669380,2026-09-21T14:18:35+02:00,1789993115,parallel,build,19_agi,19_agi,ath79-nand,379,
1789913904-1669380,2026-09-21T14:19:34+02:00,1789993174,parallel,build,24_dusukw,24_dusukw,bcm27xx-bcm2710,356,
1789913904-1669380,2026-09-21T14:20:51+02:00,1789993251,parallel,build,20_grt-key,20_grt,ipq40xx-mikrotik,425,
1789913904-1669380,2026-09-21T14:21:42+02:00,1789993302,parallel,build,20_grt,20_grt,ramips-mt7621,483,
1789913904-1669380,2026-09-21T14:21:54+02:00,1789993314,parallel,build,19_agi,19_agi,lantiq-xrx200,407,
1789913904-1669380,2026-09-21T14:22:26+02:00,1789993346,parallel,build,23_dusuks,23_dusuks,x86-64,459,
1789913904-1669380,2026-09-21T14:23:42+02:00,1789993422,parallel,build,48_rdvw,48_rdvw,mpc85xx-p1020,399,
1789913904-1669380,2026-09-21T14:25:42+02:00,1789993542,parallel,build,31_lvrno-key,31_lvrno,mediatek-mt7622,422,
1789913904-1669380,2026-09-21T14:26:03+02:00,1789993563,parallel,build,20_grt-key,20_grt,ath79-nand,437,
1789913904-1669380,2026-09-21T14:26:52+02:00,1789993612,parallel,build,30_sol-key,30_sol,bcm27xx-bcm2710,408,
1789913904-1669380,2026-09-21T14:28:17+02:00,1789993697,parallel,build,20_grt-key,20_grt,lantiq-xrx200,379,
1789913904-1669380,2026-09-21T14:28:31+02:00,1789993711,parallel,build,20_grt,20_grt,ipq40xx-mikrotik,422,
1789913904-1669380,2026-09-21T14:29:21+02:00,1789993761,parallel,build,22_dusukn-key,22_dusukn,ramips-mt7621,451,
1789913904-1669380,2026-09-21T14:30:14+02:00,1789993814,parallel,build,24_dusukw-key,24_dusukw,x86-64,462,
1789913904-1669380,2026-09-21T14:30:37+02:00,1789993837,parallel,build,05_mon-key,05_mon,mpc85xx-p1020,388,
1789913904-1669380,2026-09-21T14:32:08+02:00,1789993928,parallel,build,31_lvrno,31_lvrno,mediatek-mt7622,379,
1789913904-1669380,2026-09-21T14:32:36+02:00,1789993956,parallel,build,20_grt,20_grt,ath79-nand,388,
1789913904-1669380,2026-09-21T14:33:22+02:00,1789994002,parallel,build,30_sol,30_sol,bcm27xx-bcm2710,382,
1789913904-1669380,2026-09-21T14:34:35+02:00,1789994075,parallel,build,20_grt,20_grt,lantiq-xrx200,369,
1789913904-1669380,2026-09-21T14:35:40+02:00,1789994140,parallel,build,22_dusukn-key,22_dusukn,ipq40xx-mikrotik,426,
1789913904-1669380,2026-09-21T14:36:42+02:00,1789994202,parallel,build,05_mon,05_mon,mpc85xx-p1020,361,
1789913904-1669380,2026-09-21T14:37:37+02:00,1789994257,parallel,build,22_dusukn,22_dusukn,ramips-mt7621,467,
1789913904-1669380,2026-09-21T14:38:08+02:00,1789994288,parallel,build,24_dusukw,24_dusukw,x86-64,468,
1789913904-1669380,2026-09-21T14:39:11+02:00,1789994351,parallel,build,32_lvrnw-key,32_lvrnw,mediatek-mt7622,412,
1789913904-1669380,2026-09-21T14:40:00+02:00,1789994400,parallel,build,22_dusukn-key,22_dusukn,ath79-nand,439,
1789913904-1669380,2026-09-21T14:40:51+02:00,1789994451,parallel,build,18_nefuk-key,18_nefuk,bcm27xx-bcm2710,442,
1789913904-1669380,2026-09-21T14:41:49+02:00,1789994509,parallel,build,22_dusukn-key,22_dusukn,lantiq-xrx200,406,
1789913904-1669380,2026-09-21T14:43:17+02:00,1789994597,parallel,build,22_dusukn,22_dusukn,ipq40xx-mikrotik,449,
1789913904-1669380,2026-09-21T14:43:44+02:00,1789994624,parallel,build,13_dusfl-key,13_dusfl,mpc85xx-p1020,389,
1789913904-1669380,2026-09-21T14:45:09+02:00,1789994709,parallel,build,30_sol-key,30_sol,x86-64,418,
1789913904-1669380,2026-09-21T14:45:21+02:00,1789994721,parallel,build,23_dusuks-key,23_dusuks,ramips-mt7621,444,
1789913904-1669380,2026-09-21T14:45:24+02:00,1789994724,parallel,build,32_lvrnw,32_lvrnw,mediatek-mt7622,348,
1789913904-1669380,2026-09-21T14:46:36+02:00,1789994796,parallel,build,22_dusukn,22_dusukn,ath79-nand,371,
1789913904-1669380,2026-09-21T14:47:12+02:00,1789994832,parallel,build,18_nefuk,18_nefuk,bcm27xx-bcm2710,377,
1789913904-1669380,2026-09-21T14:48:20+02:00,1789994900,parallel,build,22_dusukn,22_dusukn,lantiq-xrx200,373,
1789913904-1669380,2026-09-21T14:49:40+02:00,1789994980,parallel,build,13_dusfl,13_dusfl,mpc85xx-p1020,351,
1789913904-1669380,2026-09-21T14:50:25+02:00,1789995025,parallel,build,23_dusuks-key,23_dusuks,ipq40xx-mikrotik,405,
1789913904-1669380,2026-09-21T14:52:01+02:00,1789995121,parallel,build,33_lvrmo-key,33_lvrmo,mediatek-mt7622,371,
1789913904-1669380,2026-09-21T14:53:04+02:00,1789995184,parallel,build,30_sol,30_sol,x86-64,438,
1789913904-1669380,2026-09-21T14:53:47+02:00,1789995227,parallel,build,23_dusuks-key,23_dusuks,ath79-nand,425,
1789913904-1669380,2026-09-21T14:53:56+02:00,1789995236,parallel,build,23_dusuks,23_dusuks,ramips-mt7621,487,
1789913904-1669380,2026-09-21T14:54:47+02:00,1789995287,parallel,build,31_lvrno-key,31_lvrno,bcm27xx-bcm2710,432,
1789913904-1669380,2026-09-21T14:55:30+02:00,1789995330,parallel,build,23_dusuks-key,23_dusuks,lantiq-xrx200,417,
1789913904-1669380,2026-09-21T14:56:58+02:00,1789995418,parallel,build,12_dusuk-key,12_dusuk,mpc85xx-p1020,429,
1789913904-1669380,2026-09-21T14:58:37+02:00,1789995517,parallel,build,23_dusuks,23_dusuks,ipq40xx-mikrotik,485,
1789913904-1669380,2026-09-21T14:58:57+02:00,1789995537,parallel,build,33_lvrmo,33_lvrmo,mediatek-mt7622,411,
1789913904-1669380,2026-09-21T15:00:30+02:00,1789995630,parallel,build,23_dusuks,23_dusuks,ath79-nand,399,
1789913904-1669380,2026-09-21T15:01:17+02:00,1789995677,parallel,build,18_nefuk-key,18_nefuk,x86-64,461,
1789913904-1669380,2026-09-21T15:02:17+02:00,1789995737,parallel,build,24_dusukw-key,24_dusukw,ramips-mt7621,498,
1789913904-1669380,2026-09-21T15:02:30+02:00,1789995750,parallel,build,31_lvrno,31_lvrno,bcm27xx-bcm2710,444,
1789913904-1669380,2026-09-21T15:02:56+02:00,1789995776,parallel,build,23_dusuks,23_dusuks,lantiq-xrx200,420,
1789913904-1669380,2026-09-21T15:03:54+02:00,1789995834,parallel,build,12_dusuk,12_dusuk,mpc85xx-p1020,396,
1789913904-1669380,2026-09-21T15:05:57+02:00,1789995957,parallel,build,34_lvrmw-key,34_lvrmw,mediatek-mt7622,412,
1789913904-1669380,2026-09-21T15:06:50+02:00,1789996010,parallel,build,24_dusukw-key,24_dusukw,ipq40xx-mikrotik,466,
1789913904-1669380,2026-09-21T15:07:35+02:00,1789996055,parallel,build,24_dusukw-key,24_dusukw,ath79-nand,404,
1789913904-1669380,2026-09-21T15:09:26+02:00,1789996166,parallel,build,18_nefuk,18_nefuk,x86-64,468,
1789913904-1669380,2026-09-21T15:09:40+02:00,1789996180,parallel,build,32_lvrnw-key,32_lvrnw,bcm27xx-bcm2710,419,
1789913904-1669380,2026-09-21T15:09:54+02:00,1789996194,parallel,build,24_dusukw-key,24_dusukw,lantiq-xrx200,414,
1789913904-1669380,2026-09-21T15:10:41+02:00,1789996241,parallel,build,24_dusukw,24_dusukw,ramips-mt7621,481,
1789913904-1669380,2026-09-21T15:11:06+02:00,1789996266,parallel,build,01_vel-key,01_vel,mpc85xx-p1020,410,
1789913904-1669380,2026-09-21T15:12:58+02:00,1789996378,parallel,build,34_lvrmw,34_lvrmw,mediatek-mt7622,403,
1789913904-1669380,2026-09-21T15:14:21+02:00,1789996461,parallel,build,24_dusukw,24_dusukw,ath79-nand,378,
1789913904-1669380,2026-09-21T15:14:54+02:00,1789996494,parallel,build,24_dusukw,24_dusukw,ipq40xx-mikrotik,470,
1789913904-1669380,2026-09-21T15:16:18+02:00,1789996578,parallel,build,32_lvrnw,32_lvrnw,bcm27xx-bcm2710,395,
1789913904-1669380,2026-09-21T15:16:18+02:00,1789996578,parallel,build,24_dusukw,24_dusukw,lantiq-xrx200,380,
1789913904-1669380,2026-09-21T15:17:09+02:00,1789996629,parallel,build,31_lvrno-key,31_lvrno,x86-64,455,
1789913904-1669380,2026-09-21T15:17:44+02:00,1789996664,parallel,build,01_vel,01_vel,mpc85xx-p1020,391,
1789913904-1669380,2026-09-21T15:18:29+02:00,1789996709,parallel,build,30_sol-key,30_sol,ramips-mt7621,457,
1789913904-1669380,2026-09-21T15:19:50+02:00,1789996790,parallel,build,35_lvrso-key,35_lvrso,mediatek-mt7622,407,
1789913904-1669380,2026-09-21T15:21:15+02:00,1789996875,parallel,build,30_sol-key,30_sol,ath79-nand,384,
1789913904-1669380,2026-09-21T15:22:03+02:00,1789996923,parallel,build,30_sol-key,30_sol,ipq40xx-mikrotik,428,
1789913904-1669380,2026-09-21T15:22:39+02:00,1789996959,parallel,build,33_lvrmo-key,33_lvrmo,bcm27xx-bcm2710,370,
1789913904-1669380,2026-09-21T15:22:58+02:00,1789996978,parallel,build,30_sol-key,30_sol,lantiq-xrx200,389,
1789913904-1669380,2026-09-21T15:24:01+02:00,1789997041,parallel,build,02_met-key,02_met,mpc85xx-p1020,371,
1789913904-1669380,2026-09-21T15:24:47+02:00,1789997087,parallel,build,31_lvrno,31_lvrno,x86-64,451,
1789913904-1669380,2026-09-21T15:26:10+02:00,1789997170,parallel,build,35_lvrso,35_lvrso,mediatek-mt7622,373,
1789913904-1669380,2026-09-21T15:26:44+02:00,1789997204,parallel,build,30_sol,30_sol,ramips-mt7621,472,
1789913904-1669380,2026-09-21T15:28:11+02:00,1789997291,parallel,build,30_sol,30_sol,ath79-nand,408,
1789913904-1669380,2026-09-21T15:29:45+02:00,1789997385,parallel,build,30_sol,30_sol,lantiq-xrx200,405,
1789913904-1669380,2026-09-21T15:30:00+02:00,1789997400,parallel,build,30_sol,30_sol,ipq40xx-mikrotik,467,
1789913904-1669380,2026-09-21T15:30:06+02:00,1789997406,parallel,build,33_lvrmo,33_lvrmo,bcm27xx-bcm2710,429,
1789913904-1669380,2026-09-21T15:30:54+02:00,1789997454,parallel,build,02_met,02_met,mpc85xx-p1020,392,
1789913904-1669380,2026-09-21T15:32:28+02:00,1789997548,parallel,build,32_lvrnw-key,32_lvrnw,x86-64,453,
1789913904-1669380,2026-09-21T15:32:52+02:00,1789997572,parallel,build,36_lvrsw-key,36_lvrsw,mediatek-mt7622,374,
1789913904-1669380,2026-09-21T15:34:13+02:00,1789997653,parallel,build,18_nefuk-key,18_nefuk,ramips-mt7621,443,
1789913904-1669380,2026-09-21T15:34:48+02:00,1789997688,parallel,build,18_nefuk-key,18_nefuk,ath79-nand,378,
1789913904-1669380,2026-09-21T15:36:01+02:00,1789997761,parallel,build,18_nefuk-key,18_nefuk,lantiq-xrx200,363,
1789913904-1669380,2026-09-21T15:36:47+02:00,1789997807,parallel,build,34_lvrmw-key,34_lvrmw,bcm27xx-bcm2710,398,
1789913904-1669380,2026-09-21T15:37:12+02:00,1789997832,parallel,build,18_nefuk-key,18_nefuk,ipq40xx-mikrotik,430,
1789913904-1669380,2026-09-21T15:37:19+02:00,1789997839,parallel,build,03_rat-key,03_rat,mpc85xx-p1020,379,
1789913904-1669380,2026-09-21T15:39:21+02:00,1789997961,parallel,build,36_lvrsw,36_lvrsw,mediatek-mt7622,383,
1789913904-1669380,2026-09-21T15:40:09+02:00,1789998009,parallel,build,32_lvrnw,32_lvrnw,x86-64,449,
1789913904-1669380,2026-09-21T15:41:46+02:00,1789998106,parallel,build,18_nefuk,18_nefuk,ath79-nand,414,
1789913904-1669380,2026-09-21T15:42:38+02:00,1789998158,parallel,build,18_nefuk,18_nefuk,ramips-mt7621,489,
1789913904-1669380,2026-09-21T15:43:26+02:00,1789998206,parallel,build,18_nefuk,18_nefuk,lantiq-xrx200,422,
1789913904-1669380,2026-09-21T15:43:59+02:00,1789998239,parallel,build,34_lvrmw,34_lvrmw,bcm27xx-bcm2710,428,
1789913904-1669380,2026-09-21T15:44:14+02:00,1789998254,parallel,build,03_rat,03_rat,mpc85xx-p1020,413,
1789913904-1669380,2026-09-21T15:44:56+02:00,1789998296,parallel,build,18_nefuk,18_nefuk,ipq40xx-mikrotik,460,
1789913904-1669380,2026-09-21T15:46:07+02:00,1789998367,parallel,build,37_siwin-key,37_siwin,mediatek-mt7622,387,
1789913904-1669380,2026-09-21T15:47:43+02:00,1789998463,parallel,build,33_lvrmo-key,33_lvrmo,x86-64,450,
1789913904-1669380,2026-09-21T15:48:40+02:00,1789998520,parallel,build,31_lvrno-key,31_lvrno,ath79-nand,393,
1789913904-1669380,2026-09-21T15:49:47+02:00,1789998587,parallel,build,31_lvrno-key,31_lvrno,lantiq-xrx200,376,
1789913904-1669380,2026-09-21T15:50:44+02:00,1789998644,parallel,build,31_lvrno-key,31_lvrno,ramips-mt7621,459,
1789913904-1669380,2026-09-21T15:51:13+02:00,1789998673,parallel,build,35_lvrso-key,35_lvrso,bcm27xx-bcm2710,428,
1789913904-1669380,2026-09-21T15:51:16+02:00,1789998676,parallel,build,04_hld-key,04_hld,mpc85xx-p1020,414,
1789913904-1669380,2026-09-21T15:52:36+02:00,1789998756,parallel,build,31_lvrno-key,31_lvrno,ipq40xx-mikrotik,454,
1789913904-1669380,2026-09-21T15:53:25+02:00,1789998805,parallel,build,37_siwin,37_siwin,mediatek-mt7622,420,
1789913904-1669380,2026-09-21T15:55:43+02:00,1789998943,parallel,build,33_lvrmo,33_lvrmo,x86-64,472,
1789913904-1669380,2026-09-21T15:56:10+02:00,1789998970,parallel,build,31_lvrno,31_lvrno,ath79-nand,435,
1789913904-1669380,2026-09-21T15:56:58+02:00,1789999018,parallel,build,31_lvrno,31_lvrno,lantiq-xrx200,412,
1789913904-1669380,2026-09-21T15:57:39+02:00,1789999059,parallel,build,04_hld,04_hld,mpc85xx-p1020,381,
1789913904-1669380,2026-09-21T15:57:55+02:00,1789999075,parallel,build,35_lvrso,35_lvrso,bcm27xx-bcm2710,400,
1789913904-1669380,2026-09-21T15:59:05+02:00,1789999145,parallel,build,31_lvrno,31_lvrno,ramips-mt7621,473,
1789913904-1669380,2026-09-21T16:00:16+02:00,1789999216,parallel,build,38_siwiw-key,38_siwiw,mediatek-mt7622,407,
1789913904-1669380,2026-09-21T16:00:26+02:00,1789999226,parallel,build,31_lvrno,31_lvrno,ipq40xx-mikrotik,451,
1789913904-1669380,2026-09-21T16:02:48+02:00,1789999368,parallel,build,32_lvrnw-key,32_lvrnw,ath79-nand,394,
1789913904-1669380,2026-09-21T16:03:32+02:00,1789999412,parallel,build,34_lvrmw-key,34_lvrmw,x86-64,445,
1789913904-1669380,2026-09-21T16:03:44+02:00,1789999424,parallel,build,32_lvrnw-key,32_lvrnw,lantiq-xrx200,397,
1789913904-1669380,2026-09-21T16:04:24+02:00,1789999464,parallel,build,06_han-key,06_han,mpc85xx-p1020,392,
1789913904-1669380,2026-09-21T16:05:06+02:00,1789999506,parallel,build,36_lvrsw-key,36_lvrsw,bcm27xx-bcm2710,428,
1789913904-1669380,2026-09-21T16:06:50+02:00,1789999610,parallel,build,38_siwiw,38_siwiw,mediatek-mt7622,389,
1789913904-1669380,2026-09-21T16:07:35+02:00,1789999655,parallel,build,32_lvrnw-key,32_lvrnw,ramips-mt7621,484,
1789913904-1669380,2026-09-21T16:08:15+02:00,1789999695,parallel,build,32_lvrnw-key,32_lvrnw,ipq40xx-mikrotik,467,
1789913904-1669380,2026-09-21T16:10:03+02:00,1789999803,parallel,build,32_lvrnw,32_lvrnw,ath79-nand,424,
1789913904-1669380,2026-09-21T16:11:04+02:00,1789999864,parallel,build,32_lvrnw,32_lvrnw,lantiq-xrx200,438,
1789913904-1669380,2026-09-21T16:11:35+02:00,1789999895,parallel,build,06_han,06_han,mpc85xx-p1020,407,
1789913904-1669380,2026-09-21T16:11:46+02:00,1789999906,parallel,build,34_lvrmw,34_lvrmw,x86-64,483,
1789913904-1669380,2026-09-21T16:12:28+02:00,1789999948,parallel,build,36_lvrsw,36_lvrsw,bcm27xx-bcm2710,422,
1789913904-1669380,2026-09-21T16:13:37+02:00,1790000017,parallel,build,39_sin-key,39_sin,mediatek-mt7622,380,
1789913904-1669380,2026-09-21T16:15:29+02:00,1790000129,parallel,build,32_lvrnw,32_lvrnw,ramips-mt7621,465,
1789913904-1669380,2026-09-21T16:15:41+02:00,1790000141,parallel,build,32_lvrnw,32_lvrnw,ipq40xx-mikrotik,442,
1789913904-1669380,2026-09-21T16:16:53+02:00,1790000213,parallel,build,33_lvrmo-key,33_lvrmo,ath79-nand,388,
1789913904-1669380,2026-09-21T16:17:57+02:00,1790000277,parallel,build,33_lvrmo-key,33_lvrmo,lantiq-xrx200,408,
1789913904-1669380,2026-09-21T16:18:18+02:00,1790000298,parallel,build,07_erk-key,07_erk,mpc85xx-p1020,396,
1789913904-1669380,2026-09-21T16:19:29+02:00,1790000369,parallel,build,35_lvrso-key,35_lvrso,x86-64,460,
1789913904-1669380,2026-09-21T16:19:33+02:00,1790000373,parallel,build,37_siwin-key,37_siwin,bcm27xx-bcm2710,418,
1789913904-1669380,2026-09-21T16:20:24+02:00,1790000424,parallel,build,39_sin,39_sin,mediatek-mt7622,385,
1789913904-1669380,2026-09-21T16:23:15+02:00,1790000595,parallel,build,33_lvrmo-key,33_lvrmo,ipq40xx-mikrotik,443,
1789913904-1669380,2026-09-21T16:23:56+02:00,1790000636,parallel,build,33_lvrmo-key,33_lvrmo,ramips-mt7621,485,
1789913904-1669380,2026-09-21T16:24:04+02:00,1790000644,parallel,build,33_lvrmo,33_lvrmo,ath79-nand,403,
1789913904-1669380,2026-09-21T16:24:38+02:00,1790000678,parallel,build,33_lvrmo,33_lvrmo,lantiq-xrx200,392,
1789913904-1669380,2026-09-21T16:25:11+02:00,1790000711,parallel,build,07_erk,07_erk,mpc85xx-p1020,397,
1789913904-1669380,2026-09-21T16:26:31+02:00,1790000791,parallel,build,37_siwin,37_siwin,bcm27xx-bcm2710,414,
1789913904-1669380,2026-09-21T16:27:07+02:00,1790000827,parallel,build,40_sim-key,40_sim,mediatek-mt7622,398,
1789913904-1669380,2026-09-21T16:27:13+02:00,1790000833,parallel,build,35_lvrso,35_lvrso,x86-64,457,
1789913904-1669380,2026-09-21T16:30:38+02:00,1790001038,parallel,build,34_lvrmw-key,34_lvrmw,ath79-nand,392,
1789913904-1669380,2026-09-21T16:31:07+02:00,1790001067,parallel,build,33_lvrmo,33_lvrmo,ipq40xx-mikrotik,447,
1789913904-1669380,2026-09-21T16:31:21+02:00,1790001081,parallel,build,34_lvrmw-key,34_lvrmw,lantiq-xrx200,384,
1789913904-1669380,2026-09-21T16:32:00+02:00,1790001120,parallel,build,08_hlg-key,08_hlg,mpc85xx-p1020,404,
1789913904-1669380,2026-09-21T16:32:15+02:00,1790001135,parallel,build,33_lvrmo,33_lvrmo,ramips-mt7621,492,
1789913904-1669380,2026-09-21T16:33:29+02:00,1790001209,parallel,build,38_siwiw-key,38_siwiw,bcm27xx-bcm2710,411,
1789913904-1669380,2026-09-21T16:33:52+02:00,1790001232,parallel,build,40_sim,40_sim,mediatek-mt7622,401,
1789913904-1669380,2026-09-21T16:34:46+02:00,1790001286,parallel,build,36_lvrsw-key,36_lvrsw,x86-64,450,
1789913904-1669380,2026-09-21T16:37:04+02:00,1790001424,parallel,build,34_lvrmw,34_lvrmw,ath79-nand,376,
1789913904-1669380,2026-09-21T16:37:49+02:00,1790001469,parallel,build,34_lvrmw,34_lvrmw,lantiq-xrx200,363,
1789913904-1669380,2026-09-21T16:38:10+02:00,1790001490,parallel,build,08_hlg,08_hlg,mpc85xx-p1020,366,
1789913904-1669380,2026-09-21T16:38:26+02:00,1790001506,parallel,build,34_lvrmw-key,34_lvrmw,ipq40xx-mikrotik,434,
1789913904-1669380,2026-09-21T16:39:51+02:00,1790001591,parallel,build,34_lvrmw-key,34_lvrmw,ramips-mt7621,449,
1789913904-1669380,2026-09-21T16:40:18+02:00,1790001618,parallel,build,38_siwiw,38_siwiw,bcm27xx-bcm2710,400,
1789913904-1669380,2026-09-21T16:40:23+02:00,1790001623,parallel,build,41_sis-key,41_sis,mediatek-mt7622,385,
1789913904-1669380,2026-09-21T16:42:15+02:00,1790001735,parallel,build,36_lvrsw,36_lvrsw,x86-64,443,
1789913904-1669380,2026-09-21T16:44:03+02:00,1790001843,parallel,build,35_lvrso-key,35_lvrso,ath79-nand,397,
1789913904-1669380,2026-09-21T16:44:31+02:00,1790001871,parallel,build,35_lvrso-key,35_lvrso,lantiq-xrx200,392,
1789913904-1669380,2026-09-21T16:44:41+02:00,1790001881,parallel,build,09_lgf-key,09_lgf,mpc85xx-p1020,383,
1789913904-1669380,2026-09-21T16:45:40+02:00,1790001940,parallel,build,34_lvrmw,34_lvrmw,ipq40xx-mikrotik,432,
1789913904-1669380,2026-09-21T16:46:43+02:00,1790002003,parallel,build,41_sis,41_sis,mediatek-mt7622,379,
1789913904-1669380,2026-09-21T16:46:58+02:00,1790002018,parallel,build,39_sin-key,39_sin,bcm27xx-bcm2710,395,
1789913904-1669380,2026-09-21T16:47:38+02:00,1790002058,parallel,build,34_lvrmw,34_lvrmw,ramips-mt7621,452,
1789913904-1669380,2026-09-21T16:49:37+02:00,1790002177,parallel,build,37_siwin-key,37_siwin,x86-64,424,
1789913904-1669380,2026-09-21T16:50:23+02:00,1790002223,parallel,build,35_lvrso,35_lvrso,ath79-nand,373,
1789913904-1669380,2026-09-21T16:50:46+02:00,1790002246,parallel,build,35_lvrso,35_lvrso,lantiq-xrx200,369,
1789913904-1669380,2026-09-21T16:50:49+02:00,1790002249,parallel,build,09_lgf,09_lgf,mpc85xx-p1020,364,
1789913904-1669380,2026-09-21T16:52:59+02:00,1790002379,parallel,build,35_lvrso-key,35_lvrso,ipq40xx-mikrotik,426,
1789913904-1669380,2026-09-21T16:53:19+02:00,1790002399,parallel,build,42_siwil-key,42_siwil,mediatek-mt7622,391,
1789913904-1669380,2026-09-21T16:53:43+02:00,1790002424,parallel,build,39_sin,39_sin,bcm27xx-bcm2710,402,
1789913904-1669380,2026-09-21T16:55:37+02:00,1790002537,parallel,build,35_lvrso-key,35_lvrso,ramips-mt7621,467,
1789913904-1669380,2026-09-21T16:57:17+02:00,1790002637,parallel,build,36_lvrsw-key,36_lvrsw,ath79-nand,404,
1789913904-1669380,2026-09-21T16:57:18+02:00,1790002638,parallel,build,37_siwin,37_siwin,x86-64,453,
1789913904-1669380,2026-09-21T16:57:32+02:00,1790002652,parallel,build,36_lvrsw-key,36_lvrsw,lantiq-xrx200,397,
1789913904-1669380,2026-09-21T16:57:34+02:00,1790002654,parallel,build,11_lvr-key,11_lvr,mpc85xx-p1020,399,
1789913904-1669380,2026-09-21T16:59:13+02:00,1790002753,parallel,build,42_siwil,42_siwil,mediatek-mt7622,351,
1789913904-1669380,2026-09-21T17:00:13+02:00,1790002813,parallel,build,40_sim-key,40_sim,bcm27xx-bcm2710,385,
1789913904-1669380,2026-09-21T17:00:26+02:00,1790002826,parallel,build,35_lvrso,35_lvrso,ipq40xx-mikrotik,429,
1789913904-1669380,2026-09-21T17:03:36+02:00,1790003016,parallel,build,35_lvrso,35_lvrso,ramips-mt7621,457,
1789913904-1669380,2026-09-21T17:04:18+02:00,1790003058,parallel,build,36_lvrsw,36_lvrsw,ath79-nand,409,
1789913904-1669380,2026-09-21T17:04:37+02:00,1790003077,parallel,build,11_lvr,11_lvr,mpc85xx-p1020,420,
1789913904-1669380,2026-09-21T17:04:37+02:00,1790003077,parallel,build,36_lvrsw,36_lvrsw,lantiq-xrx200,422,
1789913904-1669380,2026-09-21T17:05:16+02:00,1790003116,parallel,build,38_siwiw-key,38_siwiw,x86-64,467,
1789913904-1669380,2026-09-21T17:06:34+02:00,1790003194,parallel,build,43_bggl-key,43_bggl,mediatek-mt7622,414,
1789913904-1669380,2026-09-21T17:07:38+02:00,1790003258,parallel,build,40_sim,40_sim,bcm27xx-bcm2710,439,
1789913904-1669380,2026-09-21T17:08:27+02:00,1790003307,parallel,build,36_lvrsw-key,36_lvrsw,ipq40xx-mikrotik,480,
1789913904-1669380,2026-09-21T17:11:10+02:00,1790003470,parallel,build,37_siwin-key,37_siwin,lantiq-xrx200,388,
1789913904-1669380,2026-09-21T17:11:12+02:00,1790003472,parallel,build,37_siwin-key,37_siwin,ath79-nand,398,
1789913904-1669380,2026-09-21T17:11:13+02:00,1790003473,parallel,build,14_bar-key,14_bar,mpc85xx-p1020,392,
1789913904-1669380,2026-09-21T17:12:05+02:00,1790003525,parallel,build,36_lvrsw-key,36_lvrsw,ramips-mt7621,485,
1789913904-1669380,2026-09-21T17:13:10+02:00,1790003590,parallel,build,38_siwiw,38_siwiw,x86-64,463,
1789913904-1669380,2026-09-21T17:13:21+02:00,1790003601,parallel,build,43_bggl,43_bggl,mediatek-mt7622,393,
1789913904-1669380,2026-09-21T17:14:31+02:00,1790003671,parallel,build,41_sis-key,41_sis,bcm27xx-bcm2710,406,
1789913904-1669380,2026-09-21T17:15:46+02:00,1790003746,parallel,build,36_lvrsw,36_lvrsw,ipq40xx-mikrotik,434,
1789913904-1669380,2026-09-21T17:17:37+02:00,1790003857,parallel,build,14_bar,14_bar,mpc85xx-p1020,360,
1789913904-1669380,2026-09-21T17:17:38+02:00,1790003858,parallel,build,37_siwin,37_siwin,lantiq-xrx200,362,
1789913904-1669380,2026-09-21T17:18:19+02:00,1790003899,parallel,build,37_siwin,37_siwin,ath79-nand,403,
1789913904-1669380,2026-09-21T17:19:53+02:00,1790003993,parallel,build,44_llng-key,44_llng,mediatek-mt7622,380,
1789913904-1669380,2026-09-21T17:20:47+02:00,1790004047,parallel,build,36_lvrsw,36_lvrsw,ramips-mt7621,487,
1789913904-1669380,2026-09-21T17:21:38+02:00,1790004098,parallel,build,39_sin-key,39_sin,x86-64,485,
1789913904-1669380,2026-09-21T17:21:54+02:00,1790004114,parallel,build,41_sis,41_sis,bcm27xx-bcm2710,441,
1789913904-1669380,2026-09-21T17:23:58+02:00,1790004238,parallel,build,37_siwin-key,37_siwin,ipq40xx-mikrotik,469,
1789913904-1669380,2026-09-21T17:24:44+02:00,1790004284,parallel,build,38_siwiw-key,38_siwiw,lantiq-xrx200,389,
1789913904-1669380,2026-09-21T17:25:04+02:00,1790004304,parallel,build,15_mrh-key,15_mrh,mpc85xx-p1020,411,
1789913904-1669380,2026-09-21T17:25:28+02:00,1790004328,parallel,build,38_siwiw-key,38_siwiw,ath79-nand,424,
1789913904-1669380,2026-09-21T17:26:34+02:00,1790004394,parallel,build,44_llng,44_llng,mediatek-mt7622,365,
1789913904-1669380,2026-09-21T17:28:39+02:00,1790004519,parallel,build,42_siwil-key,42_siwil,bcm27xx-bcm2710,402,
1789913904-1669380,2026-09-21T17:29:13+02:00,1790004553,parallel,build,37_siwin-key,37_siwin,ramips-mt7621,492,
1789913904-1669380,2026-09-21T17:29:34+02:00,1790004574,parallel,build,39_sin,39_sin,x86-64,471,
1789913904-1669380,2026-09-21T17:31:47+02:00,1790004707,parallel,build,15_mrh,15_mrh,mpc85xx-p1020,397,
1789913904-1669380,2026-09-21T17:31:49+02:00,1790004709,parallel,build,38_siwiw,38_siwiw,lantiq-xrx200,400,
1789913904-1669380,2026-09-21T17:31:55+02:00,1790004715,parallel,build,37_siwin,37_siwin,ipq40xx-mikrotik,468,
1789913904-1669380,2026-09-21T17:32:16+02:00,1790004736,parallel,build,38_siwiw,38_siwiw,ath79-nand,405,
1789913904-1669380,2026-09-21T17:33:19+02:00,1790004799,parallel,build,45_brsd-key,45_brsd,mediatek-mt7622,376,
1789913904-1669380,2026-09-21T17:35:42+02:00,1790004942,parallel,build,42_siwil,42_siwil,bcm27xx-bcm2710,390,
1789913904-1669380,2026-09-21T17:36:50+02:00,1790005010,parallel,build,37_siwin,37_siwin,ramips-mt7621,457,
1789913904-1669380,2026-09-21T17:37:30+02:00,1790005050,parallel,build,40_sim-key,40_sim,x86-64,473,
1789913904-1669380,2026-09-21T17:39:03+02:00,1790005143,parallel,build,39_sin-key,39_sin,lantiq-xrx200,407,
1789913904-1669380,2026-09-21T17:39:07+02:00,1790005147,parallel,build,16_gmb-key,16_gmb,mpc85xx-p1020,411,
1789913904-1669380,2026-09-21T17:39:51+02:00,1790005191,parallel,build,39_sin-key,39_sin,ath79-nand,451,
1789913904-1669380,2026-09-21T17:40:19+02:00,1790005219,parallel,build,38_siwiw-key,38_siwiw,ipq40xx-mikrotik,483,
1789913904-1669380,2026-09-21T17:40:38+02:00,1790005238,parallel,build,45_brsd,45_brsd,mediatek-mt7622,418,
1789913904-1669380,2026-09-21T17:42:59+02:00,1790005379,parallel,build,43_bggl-key,43_bggl,bcm27xx-bcm2710,431,
1789913904-1669380,2026-09-21T17:44:50+02:00,1790005490,parallel,build,40_sim,40_sim,x86-64,438,
1789913904-1669380,2026-09-21T17:45:28+02:00,1790005528,parallel,build,38_siwiw-key,38_siwiw,ramips-mt7621,484,
1789913904-1669380,2026-09-21T17:46:09+02:00,1790005569,parallel,build,16_gmb,16_gmb,mpc85xx-p1020,387,
1789913904-1669380,2026-09-21T17:46:30+02:00,1790005590,parallel,build,39_sin,39_sin,lantiq-xrx200,408,
1789913904-1669380,2026-09-21T17:46:46+02:00,1790005606,parallel,build,39_sin,39_sin,ath79-nand,410,
1789913904-1669380,2026-09-21T17:47:19+02:00,1790005639,parallel,build,46_odth-key,46_odth,mediatek-mt7622,398,
1789913904-1669380,2026-09-21T17:47:58+02:00,1790005678,parallel,build,38_siwiw,38_siwiw,ipq40xx-mikrotik,456,
1789913904-1669380,2026-09-21T17:50:08+02:00,1790005808,parallel,build,43_bggl,43_bggl,bcm27xx-bcm2710,421,
1789913904-1669380,2026-09-21T17:52:45+02:00,1790005965,parallel,build,17_wip-key,17_wip,mpc85xx-p1020,376,
1789913904-1669380,2026-09-21T17:53:17+02:00,1790005997,parallel,build,40_sim-key,40_sim,lantiq-xrx200,405,
1789913904-1669380,2026-09-21T17:53:31+02:00,1790006011,parallel,build,41_sis-key,41_sis,x86-64,487,
1789913904-1669380,2026-09-21T17:53:39+02:00,1790006019,parallel,build,40_sim-key,40_sim,ath79-nand,408,
1789913904-1669380,2026-09-21T17:54:01+02:00,1790006041,parallel,build,38_siwiw,38_siwiw,ramips-mt7621,506,
1789913904-1669380,2026-09-21T17:54:27+02:00,1790006067,parallel,build,46_odth,46_odth,mediatek-mt7622,406,
1789913904-1669380,2026-09-21T17:55:42+02:00,1790006142,parallel,build,39_sin-key,39_sin,ipq40xx-mikrotik,458,
1789913904-1669380,2026-09-21T17:57:45+02:00,1790006265,parallel,build,44_llng-key,44_llng,bcm27xx-bcm2710,452,
1789913904-1669380,2026-09-21T17:59:30+02:00,1790006370,parallel,build,17_wip,17_wip,mpc85xx-p1020,376,
1789913904-1669380,2026-09-21T18:00:43+02:00,1790006443,parallel,build,40_sim,40_sim,lantiq-xrx200,436,
1789913904-1669380,2026-09-21T18:01:02+02:00,1790006462,parallel,build,40_sim,40_sim,ath79-nand,442,
1789913904-1669380,2026-09-21T18:01:35+02:00,1790006495,parallel,build,47_roes-key,47_roes,mediatek-mt7622,424,
1789913904-1669380,2026-09-21T18:01:51+02:00,1790006511,parallel,build,41_sis,41_sis,x86-64,494,
1789913904-1669380,2026-09-21T18:02:27+02:00,1790006547,parallel,build,39_sin-key,39_sin,ramips-mt7621,498,
1789913904-1669380,2026-09-21T18:03:30+02:00,1790006610,parallel,build,39_sin,39_sin,ipq40xx-mikrotik,445,
1789913904-1669380,2026-09-21T18:04:41+02:00,1790006681,parallel,build,44_llng,44_llng,bcm27xx-bcm2710,408,
1789913904-1669380,2026-09-21T18:06:19+02:00,1790006779,parallel,build,19_agi-key,19_agi,mpc85xx-p1020,373,
1789913904-1669380,2026-09-21T18:06:58+02:00,1790006818,parallel,build,41_sis-key,41_sis,lantiq-xrx200,369,
1789913904-1669380,2026-09-21T18:07:29+02:00,1790006849,parallel,build,41_sis-key,41_sis,ath79-nand,379,
1789913904-1669380,2026-09-21T18:07:49+02:00,1790006869,parallel,build,47_roes,47_roes,mediatek-mt7622,368,
1789913904-1669380,2026-09-21T18:09:10+02:00,1790006950,parallel,build,42_siwil-key,42_siwil,x86-64,433,
1789913904-1669380,2026-09-21T18:10:17+02:00,1790007017,parallel,build,39_sin,39_sin,ramips-mt7621,462,
1789913904-1669380,2026-09-21T18:10:51+02:00,1790007051,parallel,build,40_sim-key,40_sim,ipq40xx-mikrotik,434,
1789913904-1669380,2026-09-21T18:11:43+02:00,1790007103,parallel,build,45_brsd-key,45_brsd,bcm27xx-bcm2710,403,
1789913904-1669380,2026-09-21T18:12:39+02:00,1790007159,parallel,build,19_agi,19_agi,mpc85xx-p1020,358,
1789913904-1669380,2026-09-21T18:13:24+02:00,1790007204,parallel,build,41_sis,41_sis,lantiq-xrx200,378,
1789913904-1669380,2026-09-21T18:14:13+02:00,1790007253,parallel,build,41_sis,41_sis,ath79-nand,397,
1789913904-1669380,2026-09-21T18:16:07+02:00,1790007367,parallel,build,42_siwil,42_siwil,x86-64,407,
1789913904-1669380,2026-09-21T18:18:08+02:00,1790007488,parallel,build,40_sim-key,40_sim,ramips-mt7621,446,
1789913904-1669380,2026-09-21T18:18:40+02:00,1790007520,parallel,build,40_sim,40_sim,ipq40xx-mikrotik,443,
1789913904-1669380,2026-09-21T18:18:48+02:00,1790007528,parallel,build,45_brsd,45_brsd,bcm27xx-bcm2710,417,
1789913904-1669380,2026-09-21T18:19:31+02:00,1790007571,parallel,build,20_grt-key,20_grt,mpc85xx-p1020,390,
1789913904-1669380,2026-09-21T18:20:22+02:00,1790007622,parallel,build,42_siwil-key,42_siwil,lantiq-xrx200,397,
1789913904-1669380,2026-09-21T18:21:24+02:00,1790007684,parallel,build,42_siwil-key,42_siwil,ath79-nand,424,
1789913904-1669380,2026-09-21T18:23:57+02:00,1790007837,parallel,build,43_bggl-key,43_bggl,x86-64,450,
1789913904-1669380,2026-09-21T18:25:23+02:00,1790007923,parallel,build,46_odth-key,46_odth,bcm27xx-bcm2710,392,
1789913904-1669380,2026-09-21T18:25:51+02:00,1790007951,parallel,build,41_sis-key,41_sis,ipq40xx-mikrotik,427,
1789913904-1669380,2026-09-21T18:26:01+02:00,1790007961,parallel,build,20_grt,20_grt,mpc85xx-p1020,382,
1789913904-1669380,2026-09-21T18:26:08+02:00,1790007968,parallel,build,40_sim,40_sim,ramips-mt7621,452,
1789913904-1669380,2026-09-21T18:27:16+02:00,1790008036,parallel,build,42_siwil,42_siwil,lantiq-xrx200,381,
1789913904-1669380,2026-09-21T18:28:29+02:00,1790008109,parallel,build,42_siwil,42_siwil,ath79-nand,420,
1789913904-1669380,2026-09-21T18:31:40+02:00,1790008300,parallel,build,43_bggl,43_bggl,x86-64,454,
1789913904-1669380,2026-09-21T18:32:21+02:00,1790008341,parallel,build,46_odth,46_odth,bcm27xx-bcm2710,410,
1789913904-1669380,2026-09-21T18:32:49+02:00,1790008369,parallel,build,22_dusukn-key,22_dusukn,mpc85xx-p1020,384,
1789913904-1669380,2026-09-21T18:33:57+02:00,1790008437,parallel,build,41_sis,41_sis,ipq40xx-mikrotik,459,
1789913904-1669380,2026-09-21T18:34:42+02:00,1790008482,parallel,build,43_bggl-key,43_bggl,lantiq-xrx200,421,
1789913904-1669380,2026-09-21T18:34:56+02:00,1790008496,parallel,build,41_sis-key,41_sis,ramips-mt7621,507,
1789913904-1669380,2026-09-21T18:35:40+02:00,1790008540,parallel,build,43_bggl-key,43_bggl,ath79-nand,422,
1789913904-1669380,2026-09-21T18:39:17+02:00,1790008757,parallel,build,47_roes-key,47_roes,bcm27xx-bcm2710,410,
1789913904-1669380,2026-09-21T18:39:32+02:00,1790008772,parallel,build,22_dusukn,22_dusukn,mpc85xx-p1020,393,
1789913904-1669380,2026-09-21T18:40:04+02:00,1790008804,parallel,build,44_llng-key,44_llng,x86-64,465,
1789913904-1669380,2026-09-21T18:41:08+02:00,1790008868,parallel,build,43_bggl,43_bggl,lantiq-xrx200,372,
1789913904-1669380,2026-09-21T18:41:37+02:00,1790008897,parallel,build,42_siwil-key,42_siwil,ipq40xx-mikrotik,426,
1789913904-1669380,2026-09-21T18:42:27+02:00,1790008947,parallel,build,43_bggl,43_bggl,ath79-nand,401,
1789913904-1669380,2026-09-21T18:43:21+02:00,1790009001,parallel,build,41_sis,41_sis,ramips-mt7621,494,
1789913904-1669380,2026-09-21T18:46:13+02:00,1790009173,parallel,build,23_dusuks-key,23_dusuks,mpc85xx-p1020,398,
1789913904-1669380,2026-09-21T18:46:24+02:00,1790009184,parallel,build,47_roes,47_roes,bcm27xx-bcm2710,416,
1789913904-1669380,2026-09-21T18:47:34+02:00,1790009254,parallel,build,21_dias,21_dias,ath79-mikrotik,2366,
1789913904-1669380,2026-09-21T18:47:36+02:00,1790009256,parallel,build,44_llng-key,44_llng,lantiq-xrx200,373,
1789913904-1669380,2026-09-21T18:47:44+02:00,1790009264,parallel,build,44_llng,44_llng,x86-64,451,
1789913904-1669380,2026-09-21T18:48:47+02:00,1790009327,parallel,build,42_siwil,42_siwil,ipq40xx-mikrotik,421,
1789913904-1669380,2026-09-21T18:49:20+02:00,1790009360,parallel,build,44_llng-key,44_llng,ath79-nand,380,
1789913904-1669380,2026-09-21T18:51:28+02:00,1790009488,parallel,build,42_siwil-key,42_siwil,ramips-mt7621,478,
1789913904-1669380,2026-09-21T18:53:30+02:00,1790009610,parallel,build,23_dusuks,23_dusuks,mpc85xx-p1020,431,
1789913904-1669380,2026-09-21T18:54:43+02:00,1790009683,parallel,build,21_dias,21_dias,rockchip-armv8,496,
1789913904-1669380,2026-09-21T18:55:35+02:00,1790009735,parallel,build,44_llng,44_llng,lantiq-xrx200,451,
1789913904-1669380,2026-09-21T18:57:13+02:00,1790009833,parallel,build,44_llng,44_llng,ath79-nand,468,
1789913904-1669380,2026-09-21T18:57:40+02:00,1790009860,parallel,build,45_brsd-key,45_brsd,x86-64,576,
1789913904-1669380,2026-09-21T18:57:42+02:00,1790009862,parallel,build,10_wlf-key,10_wlf,ath79-mikrotik,579,
1789913904-1669380,2026-09-21T18:58:04+02:00,1790009884,parallel,build,43_bggl-key,43_bggl,ipq40xx-mikrotik,528,
1789913904-1669380,2026-09-21T19:00:48+02:00,1790010048,parallel,build,42_siwil,42_siwil,ramips-mt7621,532,
1789913904-1669380,2026-09-21T19:01:27+02:00,1790010087,parallel,build,24_dusukw-key,24_dusukw,mpc85xx-p1020,468,
1789913904-1669380,2026-09-21T19:02:24+02:00,1790010144,parallel,build,10_wlf-key,10_wlf,rockchip-armv8,430,
1789913904-1669380,2026-09-21T19:03:15+02:00,1790010195,parallel,build,45_brsd-key,45_brsd,lantiq-xrx200,422,
1789913904-1669380,2026-09-21T19:04:35+02:00,1790010275,parallel,build,45_brsd-key,45_brsd,ath79-nand,415,
1789913904-1669380,2026-09-21T19:05:06+02:00,1790010306,parallel,build,10_wlf,10_wlf,ath79-mikrotik,442,
1789913904-1669380,2026-09-21T19:05:28+02:00,1790010328,parallel,build,45_brsd,45_brsd,x86-64,467,
1789913904-1669380,2026-09-21T19:05:41+02:00,1790010341,parallel,build,43_bggl,43_bggl,ipq40xx-mikrotik,455,
1789913904-1669380,2026-09-21T19:08:23+02:00,1790010503,parallel,build,24_dusukw,24_dusukw,mpc85xx-p1020,413,
1789913904-1669380,2026-09-21T19:09:05+02:00,1790010545,parallel,build,43_bggl-key,43_bggl,ramips-mt7621,487,
1789913904-1669380,2026-09-21T19:09:18+02:00,1790010558,parallel,build,10_wlf,10_wlf,rockchip-armv8,385,
1789913904-1669380,2026-09-21T19:10:10+02:00,1790010610,parallel,build,45_brsd,45_brsd,lantiq-xrx200,392,
1789913904-1669380,2026-09-21T19:11:29+02:00,1790010689,parallel,build,45_brsd,45_brsd,ath79-nand,409,
1789913904-1669380,2026-09-21T19:12:24+02:00,1790010744,parallel,build,48_rdvw-key,48_rdvw,ath79-mikrotik,428,
1789913904-1669380,2026-09-21T19:13:06+02:00,1790010786,parallel,build,46_odth-key,46_odth,x86-64,453,
1789913904-1669380,2026-09-21T19:13:15+02:00,1790010795,parallel,build,44_llng-key,44_llng,ipq40xx-mikrotik,449,
1789913904-1669380,2026-09-21T19:15:19+02:00,1790010919,parallel,build,30_sol-key,30_sol,mpc85xx-p1020,408,
1789913904-1669380,2026-09-21T19:16:32+02:00,1790010992,parallel,build,48_rdvw-key,48_rdvw,rockchip-armv8,429,
1789913904-1669380,2026-09-21T19:17:43+02:00,1790011063,parallel,build,46_odth-key,46_odth,lantiq-xrx200,432,
1789913904-1669380,2026-09-21T19:18:18+02:00,1790011098,parallel,build,43_bggl,43_bggl,ramips-mt7621,543,
1789913904-1669380,2026-09-21T19:19:03+02:00,1790011143,parallel,build,46_odth-key,46_odth,ath79-nand,436,
1789913904-1669380,2026-09-21T19:20:27+02:00,1790011227,parallel,build,48_rdvw,48_rdvw,ath79-mikrotik,478,
1789913904-1669380,2026-09-21T19:21:38+02:00,1790011298,parallel,build,44_llng,44_llng,ipq40xx-mikrotik,501,
1789913904-1669380,2026-09-21T19:21:52+02:00,1790011312,parallel,build,46_odth,46_odth,x86-64,520,
1789913904-1669380,2026-09-21T19:22:46+02:00,1790011366,parallel,build,30_sol,30_sol,mpc85xx-p1020,422,
1789913904-1669380,2026-09-21T19:23:30+02:00,1790011410,parallel,build,48_rdvw,48_rdvw,rockchip-armv8,404,
1789913904-1669380,2026-09-21T19:24:54+02:00,1790011494,parallel,build,46_odth,46_odth,lantiq-xrx200,397,
1789913904-1669380,2026-09-21T19:25:54+02:00,1790011554,parallel,build,46_odth,46_odth,ath79-nand,390,
1789913904-1669380,2026-09-21T19:26:34+02:00,1790011594,parallel,build,44_llng-key,44_llng,ramips-mt7621,491,
1789913904-1669380,2026-09-21T19:27:46+02:00,1790011666,parallel,build,05_mon-key,05_mon,ath79-mikrotik,432,
1789913904-1669380,2026-09-21T19:29:22+02:00,1790011762,parallel,build,45_brsd-key,45_brsd,ipq40xx-mikrotik,453,
1789913904-1669380,2026-09-21T19:29:42+02:00,1790011782,parallel,build,47_roes-key,47_roes,x86-64,468,
1789913904-1669380,2026-09-21T19:29:48+02:00,1790011788,parallel,build,18_nefuk-key,18_nefuk,mpc85xx-p1020,416,
1789913904-1669380,2026-09-21T19:30:33+02:00,1790011833,parallel,build,05_mon-key,05_mon,rockchip-armv8,398,
1789913904-1669380,2026-09-21T19:31:42+02:00,1790011902,parallel,build,47_roes-key,47_roes,lantiq-xrx200,396,
1789913904-1669380,2026-09-21T19:33:01+02:00,1790011981,parallel,build,47_roes-key,47_roes,ath79-nand,405,
1789913904-1669380,2026-09-21T19:34:44+02:00,1790012084,parallel,build,44_llng,44_llng,ramips-mt7621,483,
1789913904-1669380,2026-09-21T19:35:36+02:00,1790012136,parallel,build,05_mon,05_mon,ath79-mikrotik,452,
1789913904-1669380,2026-09-21T19:36:49+02:00,1790012209,parallel,build,18_nefuk,18_nefuk,mpc85xx-p1020,419,
1789913904-1669380,2026-09-21T19:37:36+02:00,1790012256,parallel,build,45_brsd,45_brsd,ipq40xx-mikrotik,485,
1789913904-1669380,2026-09-21T19:38:04+02:00,1790012284,parallel,build,47_roes,47_roes,x86-64,496,
1789913904-1669380,2026-09-21T19:38:15+02:00,1790012295,parallel,build,05_mon,05_mon,rockchip-armv8,458,
1789913904-1669380,2026-09-21T19:39:08+02:00,1790012348,parallel,build,47_roes,47_roes,lantiq-xrx200,424,
1789913904-1669380,2026-09-21T19:40:28+02:00,1790012428,parallel,build,47_roes,47_roes,ath79-nand,427,
1789913904-1669380,2026-09-21T19:44:35+02:00,1790012675,parallel,build,13_dusfl-key,13_dusfl,ath79-mikrotik,535,
1789913904-1669380,2026-09-21T19:44:43+02:00,1790012683,parallel,build,45_brsd-key,45_brsd,ramips-mt7621,571,
1789913904-1669380,2026-09-21T19:45:25+02:00,1790012725,parallel,build,31_lvrno-key,31_lvrno,mpc85xx-p1020,493,
1789913904-1669380,2026-09-21T19:46:29+02:00,1790012789,parallel,build,13_dusfl-key,13_dusfl,rockchip-armv8,489,
1789913904-1669380,2026-09-21T19:47:10+02:00,1790012830,parallel,build,46_odth-key,46_odth,ipq40xx-mikrotik,565,
1789913904-1669380,2026-09-21T19:48:00+02:00,1790012880,parallel,build,21_dias,21_dias,ramips-mt76x8,588,
1789913904-1669380,2026-09-21T19:52:16+02:00,1790013136,parallel,build,31_lvrno,31_lvrno,mpc85xx-p1020,408,
1789913904-1669380,2026-09-21T19:52:43+02:00,1790013163,parallel,build,13_dusfl,13_dusfl,ath79-mikrotik,484,
1789913904-1669380,2026-09-21T19:53:36+02:00,1790013216,parallel,build,45_brsd,45_brsd,ramips-mt7621,506,
1789913904-1669380,2026-09-21T19:54:17+02:00,1790013257,parallel,build,13_dusfl,13_dusfl,rockchip-armv8,430,
1789913904-1669380,2026-09-21T19:55:12+02:00,1790013312,parallel,build,46_odth,46_odth,ipq40xx-mikrotik,480,
1789913904-1669380,2026-09-21T19:55:33+02:00,1790013333,parallel,build,10_wlf-key,10_wlf,ramips-mt76x8,434,
1789913904-1669380,2026-09-21T19:58:58+02:00,1790013538,parallel,build,32_lvrnw-key,32_lvrnw,mpc85xx-p1020,380,
1789913904-1669380,2026-09-21T19:59:40+02:00,1790013580,parallel,build,12_dusuk-key,12_dusuk,ath79-mikrotik,415,
1789913904-1669380,2026-09-21T20:00:18+02:00,1790013618,parallel,build,12_dusuk-key,12_dusuk,rockchip-armv8,357,
1789913904-1669380,2026-09-21T20:01:45+02:00,1790013705,parallel,build,46_odth-key,46_odth,ramips-mt7621,457,
1789913904-1669380,2026-09-21T20:02:31+02:00,1790013751,parallel,build,10_wlf,10_wlf,ramips-mt76x8,403,
1789913904-1669380,2026-09-21T20:03:02+02:00,1790013782,parallel,build,47_roes-key,47_roes,ipq40xx-mikrotik,438,
1789913904-1669380,2026-09-21T20:05:29+02:00,1790013929,parallel,build,32_lvrnw,32_lvrnw,mpc85xx-p1020,385,
1789913904-1669380,2026-09-21T20:07:28+02:00,1790014048,parallel,build,12_dusuk,12_dusuk,rockchip-armv8,426,
1789913904-1669380,2026-09-21T20:07:57+02:00,1790014077,parallel,build,12_dusuk,12_dusuk,ath79-mikrotik,483,
1789913904-1669380,2026-09-21T20:10:08+02:00,1790014208,parallel,build,48_rdvw-key,48_rdvw,ramips-mt76x8,449,
1789913904-1669380,2026-09-21T20:11:05+02:00,1790014265,parallel,build,46_odth,46_odth,ramips-mt7621,553,
1789913904-1669380,2026-09-21T20:12:18+02:00,1790014338,parallel,build,47_roes,47_roes,ipq40xx-mikrotik,553,
1789913904-1669380,2026-09-21T20:14:16+02:00,1790014456,parallel,build,33_lvrmo-key,33_lvrmo,mpc85xx-p1020,487,
1789913904-1669380,2026-09-21T20:15:27+02:00,1790014527,parallel,build,01_vel-key,01_vel,rockchip-armv8,451,
1789913904-1669380,2026-09-21T20:15:43+02:00,1790014543,parallel,build,01_vel-key,01_vel,ath79-mikrotik,462,
1789913904-1669380,2026-09-21T20:17:26+02:00,1790014646,parallel,build,48_rdvw,48_rdvw,ramips-mt76x8,385,
1789913904-1669380,2026-09-21T20:18:40+02:00,1790014720,parallel,build,47_roes-key,47_roes,ramips-mt7621,430,
1789913904-1669380,2026-09-21T20:22:28+02:00,1790014948,parallel,build,33_lvrmo,33_lvrmo,mpc85xx-p1020,454,
1789913904-1669380,2026-09-21T20:23:10+02:00,1790014990,parallel,build,01_vel,01_vel,rockchip-armv8,455,
1789913904-1669380,2026-09-21T20:24:04+02:00,1790015044,parallel,build,21_dias,21_dias,lantiq-xway,2647,
1789913904-1669380,2026-09-21T20:24:26+02:00,1790015066,parallel,build,01_vel,01_vel,ath79-mikrotik,521,
1789913904-1669380,2026-09-21T20:25:25+02:00,1790015125,parallel,build,05_mon-key,05_mon,ramips-mt76x8,472,
1789913904-1669380,2026-09-21T20:27:24+02:00,1790015244,parallel,build,47_roes,47_roes,ramips-mt7621,470,
1789913904-1669380,2026-09-21T20:29:19+02:00,1790015359,parallel,build,34_lvrmw-key,34_lvrmw,mpc85xx-p1020,405,
1789913904-1669380,2026-09-21T20:30:20+02:00,1790015420,parallel,build,02_met-key,02_met,rockchip-armv8,394,
1789913904-1669380,2026-09-21T20:31:01+02:00,1790015461,parallel,build,10_wlf-key,10_wlf,lantiq-xway,411,
1789913904-1669380,2026-09-21T20:31:46+02:00,1790015506,parallel,build,02_met-key,02_met,ath79-mikrotik,434,
1789913904-1669380,2026-09-21T20:32:25+02:00,1790015545,parallel,build,05_mon,05_mon,ramips-mt76x8,409,
1789913904-1669380,2026-09-21T20:35:56+02:00,1790015756,parallel,build,34_lvrmw,34_lvrmw,mpc85xx-p1020,368,
1789913904-1669380,2026-09-21T20:37:00+02:00,1790015820,parallel,build,02_met,02_met,rockchip-armv8,396,
1789913904-1669380,2026-09-21T20:37:24+02:00,1790015844,parallel,build,10_wlf,10_wlf,lantiq-xway,347,
1789913904-1669380,2026-09-21T20:38:17+02:00,1790015897,parallel,build,02_met,02_met,ath79-mikrotik,385,
1789913904-1669380,2026-09-21T20:38:49+02:00,1790015929,parallel,build,13_dusfl-key,13_dusfl,ramips-mt76x8,380,
1789913904-1669380,2026-09-21T20:42:30+02:00,1790016150,parallel,build,35_lvrso-key,35_lvrso,mpc85xx-p1020,364,
1789913904-1669380,2026-09-21T20:43:15+02:00,1790016195,parallel,build,03_rat-key,03_rat,rockchip-armv8,369,
1789913904-1669380,2026-09-21T20:43:22+02:00,1790016202,parallel,build,48_rdvw-key,48_rdvw,lantiq-xway,351,
1789913904-1669380,2026-09-21T20:44:34+02:00,1790016274,parallel,build,13_dusfl,13_dusfl,ramips-mt76x8,343,
1789913904-1669380,2026-09-21T20:45:18+02:00,1790016318,parallel,build,03_rat-key,03_rat,ath79-mikrotik,391,
1789913904-1669380,2026-09-21T20:48:46+02:00,1790016526,parallel,build,35_lvrso,35_lvrso,mpc85xx-p1020,364,
1789913904-1669380,2026-09-21T20:49:31+02:00,1790016571,parallel,build,48_rdvw,48_rdvw,lantiq-xway,367,
1789913904-1669380,2026-09-21T20:49:39+02:00,1790016579,parallel,build,03_rat,03_rat,rockchip-armv8,380,
1789913904-1669380,2026-09-21T20:51:20+02:00,1790016680,parallel,build,03_rat,03_rat,ath79-mikrotik,360,
1789913904-1669380,2026-09-21T20:51:21+02:00,1790016681,parallel,build,12_dusuk-key,12_dusuk,ramips-mt76x8,370,
1789913904-1669380,2026-09-21T20:54:45+02:00,1790016885,parallel,build,36_lvrsw-key,36_lvrsw,mpc85xx-p1020,336,
1789913904-1669380,2026-09-21T20:55:19+02:00,1790016919,parallel,build,05_mon-key,05_mon,lantiq-xway,343,
1789913904-1669380,2026-09-21T20:55:31+02:00,1790016931,parallel,build,04_hld-key,04_hld,rockchip-armv8,351,
1789913904-1669380,2026-09-21T20:57:41+02:00,1790017061,parallel,build,12_dusuk,12_dusuk,ramips-mt76x8,357,
1789913904-1669380,2026-09-21T20:58:16+02:00,1790017096,parallel,build,04_hld-key,04_hld,ath79-mikrotik,393,
1789913904-1669380,2026-09-21T21:00:48+02:00,1790017248,parallel,build,36_lvrsw,36_lvrsw,mpc85xx-p1020,345,
1789913904-1669380,2026-09-21T21:00:55+02:00,1790017255,parallel,build,05_mon,05_mon,lantiq-xway,333,
1789913904-1669380,2026-09-21T21:01:24+02:00,1790017284,parallel,build,04_hld,04_hld,rockchip-armv8,351,
1789913904-1669380,2026-09-21T21:04:07+02:00,1790017447,parallel,build,01_vel-key,01_vel,ramips-mt76x8,365,
1789913904-1669380,2026-09-21T21:04:49+02:00,1790017489,parallel,build,04_hld,04_hld,ath79-mikrotik,392,
1789913904-1669380,2026-09-21T21:07:05+02:00,1790017625,parallel,build,13_dusfl-key,13_dusfl,lantiq-xway,368,
1789913904-1669380,2026-09-21T21:07:05+02:00,1790017625,parallel,build,37_siwin-key,37_siwin,mpc85xx-p1020,373,
1789913904-1669380,2026-09-21T21:08:00+02:00,1790017680,parallel,build,06_han-key,06_han,rockchip-armv8,394,
1789913904-1669380,2026-09-21T21:10:07+02:00,1790017807,parallel,build,01_vel,01_vel,ramips-mt76x8,354,
1789913904-1669380,2026-09-21T21:11:06+02:00,1790017866,parallel,build,06_han-key,06_han,ath79-mikrotik,374,
1789913904-1669380,2026-09-21T21:13:06+02:00,1790017986,parallel,build,13_dusfl,13_dusfl,lantiq-xway,337,
1789913904-1669380,2026-09-21T21:13:43+02:00,1790018023,parallel,build,37_siwin,37_siwin,mpc85xx-p1020,374,
1789913904-1669380,2026-09-21T21:14:12+02:00,1790018052,parallel,build,06_han,06_han,rockchip-armv8,370,
1789913904-1669380,2026-09-21T21:16:52+02:00,1790018212,parallel,build,02_met-key,02_met,ramips-mt76x8,399,
1789913904-1669380,2026-09-21T21:18:17+02:00,1790018297,parallel,build,06_han,06_han,ath79-mikrotik,407,
1789913904-1669380,2026-09-21T21:19:15+02:00,1790018355,parallel,build,12_dusuk-key,12_dusuk,lantiq-xway,343,
1789913904-1669380,2026-09-21T21:19:57+02:00,1790018397,parallel,build,38_siwiw-key,38_siwiw,mpc85xx-p1020,372,
1789913904-1669380,2026-09-21T21:20:32+02:00,1790018432,parallel,build,07_erk-key,07_erk,rockchip-armv8,378,
1789913904-1669380,2026-09-21T21:22:58+02:00,1790018578,parallel,build,02_met,02_met,ramips-mt76x8,354,
1789913904-1669380,2026-09-21T21:24:49+02:00,1790018689,parallel,build,12_dusuk,12_dusuk,lantiq-xway,307,
1789913904-1669380,2026-09-21T21:25:23+02:00,1790018723,parallel,build,07_erk-key,07_erk,ath79-mikrotik,402,
1789913904-1669380,2026-09-21T21:25:41+02:00,1790018741,parallel,build,38_siwiw,38_siwiw,mpc85xx-p1020,341,
1789913904-1669380,2026-09-21T21:26:18+02:00,1790018778,parallel,build,07_erk,07_erk,rockchip-armv8,343,
1789913904-1669380,2026-09-21T21:29:24+02:00,1790018964,parallel,build,03_rat-key,03_rat,ramips-mt76x8,367,
1789913904-1669380,2026-09-21T21:30:21+02:00,1790019021,parallel,build,01_vel-key,01_vel,lantiq-xway,308,
1789913904-1669380,2026-09-21T21:31:12+02:00,1790019072,parallel,build,39_sin-key,39_sin,mpc85xx-p1020,325,
1789913904-1669380,2026-09-21T21:31:25+02:00,1790019085,parallel,build,07_erk,07_erk,ath79-mikrotik,358,
1789913904-1669380,2026-09-21T21:31:41+02:00,1790019101,parallel,build,08_hlg-key,08_hlg,rockchip-armv8,319,
1789913904-1669380,2026-09-21T21:35:20+02:00,1790019320,parallel,build,03_rat,03_rat,ramips-mt76x8,332,
1789913904-1669380,2026-09-21T21:36:02+02:00,1790019362,parallel,build,01_vel,01_vel,lantiq-xway,333,
1789913904-1669380,2026-09-21T21:37:26+02:00,1790019446,parallel,build,39_sin,39_sin,mpc85xx-p1020,349,
1789913904-1669380,2026-09-21T21:38:02+02:00,1790019482,parallel,build,08_hlg,08_hlg,rockchip-armv8,379,
1789913904-1669380,2026-09-21T21:38:22+02:00,1790019502,parallel,build,08_hlg-key,08_hlg,ath79-mikrotik,405,
1789913904-1669380,2026-09-21T21:41:35+02:00,1790019695,parallel,build,02_met-key,02_met,lantiq-xway,331,
1789913904-1669380,2026-09-21T21:42:02+02:00,1790019722,parallel,build,04_hld-key,04_hld,ramips-mt76x8,373,
1789913904-1669380,2026-09-21T21:43:23+02:00,1790019803,parallel,build,40_sim-key,40_sim,mpc85xx-p1020,330,
1789913904-1669380,2026-09-21T21:43:35+02:00,1790019815,parallel,build,09_lgf-key,09_lgf,rockchip-armv8,329,
1789913904-1669380,2026-09-21T21:44:20+02:00,1790019860,parallel,build,08_hlg,08_hlg,ath79-mikrotik,356,
1789913904-1669380,2026-09-21T21:47:26+02:00,1790020046,parallel,build,02_met,02_met,lantiq-xway,334,
1789913904-1669380,2026-09-21T21:48:02+02:00,1790020082,parallel,build,04_hld,04_hld,ramips-mt76x8,356,
1789913904-1669380,2026-09-21T21:49:37+02:00,1790020177,parallel,build,40_sim,40_sim,mpc85xx-p1020,366,
1789913904-1669380,2026-09-21T21:49:44+02:00,1790020184,parallel,build,09_lgf,09_lgf,rockchip-armv8,367,
1789913904-1669380,2026-09-21T21:50:38+02:00,1790020238,parallel,build,09_lgf-key,09_lgf,ath79-mikrotik,375,
1789913904-1669380,2026-09-21T21:53:01+02:00,1790020381,parallel,build,03_rat-key,03_rat,lantiq-xway,329,
1789913904-1669380,2026-09-21T21:54:09+02:00,1790020449,parallel,build,06_han-key,06_han,ramips-mt76x8,346,
1789913904-1669380,2026-09-21T21:55:56+02:00,1790020556,parallel,build,41_sis-key,41_sis,mpc85xx-p1020,374,
1789913904-1669380,2026-09-21T21:55:59+02:00,1790020559,parallel,build,11_lvr-key,11_lvr,rockchip-armv8,373,
1789913904-1669380,2026-09-21T21:57:09+02:00,1790020629,parallel,build,09_lgf,09_lgf,ath79-mikrotik,387,
1789913904-1669380,2026-09-21T21:58:49+02:00,1790020729,parallel,build,03_rat,03_rat,lantiq-xway,342,
1789913904-1669380,2026-09-21T22:00:17+02:00,1790020817,parallel,build,06_han,06_han,ramips-mt76x8,335,
1789913904-1669380,2026-09-21T22:01:53+02:00,1790020913,parallel,build,41_sis,41_sis,mpc85xx-p1020,353,
1789913904-1669380,2026-09-21T22:01:57+02:00,1790020917,parallel,build,11_lvr,11_lvr,rockchip-armv8,354,
1789913904-1669380,2026-09-21T22:03:35+02:00,1790021015,parallel,build,11_lvr-key,11_lvr,ath79-mikrotik,380,
1789913904-1669380,2026-09-21T22:05:09+02:00,1790021109,parallel,build,04_hld-key,04_hld,lantiq-xway,361,
1789913904-1669380,2026-09-21T22:06:41+02:00,1790021201,parallel,build,07_erk-key,07_erk,ramips-mt76x8,361,
1789913904-1669380,2026-09-21T22:08:31+02:00,1790021311,parallel,build,42_siwil-key,42_siwil,mpc85xx-p1020,374,
1789913904-1669380,2026-09-21T22:08:39+02:00,1790021319,parallel,build,14_bar-key,14_bar,rockchip-armv8,382,
1789913904-1669380,2026-09-21T22:10:06+02:00,1790021406,parallel,build,11_lvr,11_lvr,ath79-mikrotik,383,
1789913904-1669380,2026-09-21T22:11:16+02:00,1790021476,parallel,build,04_hld,04_hld,lantiq-xway,361,
1789913904-1669380,2026-09-21T22:13:22+02:00,1790021602,parallel,build,07_erk,07_erk,ramips-mt76x8,371,
1789913904-1669380,2026-09-21T22:14:34+02:00,1790021674,parallel,build,42_siwil,42_siwil,mpc85xx-p1020,356,
1789913904-1669380,2026-09-21T22:14:59+02:00,1790021699,parallel,build,14_bar,14_bar,rockchip-armv8,379,
1789913904-1669380,2026-09-21T22:16:59+02:00,1790021820,parallel,build,14_bar-key,14_bar,ath79-mikrotik,379,
1789913904-1669380,2026-09-21T22:17:04+02:00,1790021824,parallel,build,06_han-key,06_han,lantiq-xway,346,
1789913904-1669380,2026-09-21T22:20:03+02:00,1790022003,parallel,build,08_hlg-key,08_hlg,ramips-mt76x8,383,
1789913904-1669380,2026-09-21T22:20:55+02:00,1790022055,parallel,build,43_bggl-key,43_bggl,mpc85xx-p1020,358,
1789913904-1669380,2026-09-21T22:20:59+02:00,1790022059,parallel,build,15_mrh-key,15_mrh,rockchip-armv8,358,
1789913904-1669380,2026-09-21T22:22:30+02:00,1790022150,parallel,build,06_han,06_han,lantiq-xway,324,
1789913904-1669380,2026-09-21T22:23:06+02:00,1790022186,parallel,build,14_bar,14_bar,ath79-mikrotik,363,
1789913904-1669380,2026-09-21T22:25:51+02:00,1790022351,parallel,build,08_hlg,08_hlg,ramips-mt76x8,340,
1789913904-1669380,2026-09-21T22:26:24+02:00,1790022384,parallel,build,43_bggl,43_bggl,mpc85xx-p1020,322,
1789913904-1669380,2026-09-21T22:26:35+02:00,1790022395,parallel,build,15_mrh,15_mrh,rockchip-armv8,332,
1789913904-1669380,2026-09-21T22:28:23+02:00,1790022503,parallel,build,07_erk-key,07_erk,lantiq-xway,329,
1789913904-1669380,2026-09-21T22:29:17+02:00,1790022557,parallel,build,15_mrh-key,15_mrh,ath79-mikrotik,370,
1789913904-1669380,2026-09-21T22:31:33+02:00,1790022693,parallel,build,09_lgf-key,09_lgf,ramips-mt76x8,336,
1789913904-1669380,2026-09-21T22:31:53+02:00,1790022713,parallel,build,44_llng-key,44_llng,mpc85xx-p1020,326,
1789913904-1669380,2026-09-21T22:32:03+02:00,1790022723,parallel,build,16_gmb-key,16_gmb,rockchip-armv8,325,
1789913904-1669380,2026-09-21T22:33:38+02:00,1790022818,parallel,build,07_erk,07_erk,lantiq-xway,307,
1789913904-1669380,2026-09-21T22:35:29+02:00,1790022929,parallel,build,15_mrh,15_mrh,ath79-mikrotik,371,
1789913904-1669380,2026-09-21T22:38:16+02:00,1790023096,parallel,build,44_llng,44_llng,mpc85xx-p1020,375,
1789913904-1669380,2026-09-21T22:38:42+02:00,1790023122,parallel,build,16_gmb,16_gmb,rockchip-armv8,396,
1789913904-1669380,2026-09-21T22:38:48+02:00,1790023128,parallel,build,09_lgf,09_lgf,ramips-mt76x8,407,
1789913904-1669380,2026-09-21T22:39:50+02:00,1790023190,parallel,build,08_hlg-key,08_hlg,lantiq-xway,356,
1789913904-1669380,2026-09-21T22:42:00+02:00,1790023320,parallel,build,16_gmb-key,16_gmb,ath79-mikrotik,387,
1789913904-1669380,2026-09-21T22:44:33+02:00,1790023473,parallel,build,45_brsd-key,45_brsd,mpc85xx-p1020,354,
1789913904-1669380,2026-09-21T22:44:39+02:00,1790023479,parallel,build,17_wip-key,17_wip,rockchip-armv8,356,
1789913904-1669380,2026-09-21T22:44:56+02:00,1790023496,parallel,build,11_lvr-key,11_lvr,ramips-mt76x8,366,
1789913904-1669380,2026-09-21T22:45:53+02:00,1790023553,parallel,build,08_hlg,08_hlg,lantiq-xway,343,
1789913904-1669380,2026-09-21T22:48:28+02:00,1790023708,parallel,build,16_gmb,16_gmb,ath79-mikrotik,384,
1789913904-1669380,2026-09-21T22:51:26+02:00,1790023886,parallel,build,45_brsd,45_brsd,mpc85xx-p1020,388,
1789913904-1669380,2026-09-21T22:51:46+02:00,1790023906,parallel,build,17_wip,17_wip,rockchip-armv8,406,
1789913904-1669380,2026-09-21T22:52:01+02:00,1790023921,parallel,build,11_lvr,11_lvr,ramips-mt76x8,420,
1789913904-1669380,2026-09-21T22:52:33+02:00,1790023953,parallel,build,09_lgf-key,09_lgf,lantiq-xway,392,
1789913904-1669380,2026-09-21T22:56:03+02:00,1790024163,parallel,build,17_wip-key,17_wip,ath79-mikrotik,453,
1789913904-1669380,2026-09-21T22:58:41+02:00,1790024321,parallel,build,46_odth-key,46_odth,mpc85xx-p1020,416,
1789913904-1669380,2026-09-21T22:58:46+02:00,1790024326,parallel,build,19_agi-key,19_agi,rockchip-armv8,417,
1789913904-1669380,2026-09-21T22:59:18+02:00,1790024358,parallel,build,09_lgf,09_lgf,lantiq-xway,404,
1789913904-1669380,2026-09-21T22:59:21+02:00,1790024361,parallel,build,14_bar-key,14_bar,ramips-mt76x8,435,
1789913904-1669380,2026-09-21T23:02:29+02:00,1790024549,parallel,build,17_wip,17_wip,ath79-mikrotik,383,
1789913904-1669380,2026-09-21T23:04:45+02:00,1790024685,parallel,build,46_odth,46_odth,mpc85xx-p1020,358,
1789913904-1669380,2026-09-21T23:05:00+02:00,1790024700,parallel,build,19_agi,19_agi,rockchip-armv8,369,
1789913904-1669380,2026-09-21T23:05:12+02:00,1790024712,parallel,build,11_lvr-key,11_lvr,lantiq-xway,352,
1789913904-1669380,2026-09-21T23:05:34+02:00,1790024734,parallel,build,14_bar,14_bar,ramips-mt76x8,371,
1789913904-1669380,2026-09-21T23:08:40+02:00,1790024920,parallel,build,19_agi-key,19_agi,ath79-mikrotik,358,
1789913904-1669380,2026-09-21T23:10:37+02:00,1790025037,parallel,build,47_roes-key,47_roes,mpc85xx-p1020,343,
1789913904-1669380,2026-09-21T23:10:48+02:00,1790025048,parallel,build,20_grt-key,20_grt,rockchip-armv8,345,
1789913904-1669380,2026-09-21T23:10:52+02:00,1790025052,parallel,build,11_lvr,11_lvr,lantiq-xway,335,
1789913904-1669380,2026-09-21T23:11:30+02:00,1790025090,parallel,build,15_mrh-key,15_mrh,ramips-mt76x8,354,
1789913904-1669380,2026-09-21T23:15:28+02:00,1790025328,parallel,build,19_agi,19_agi,ath79-mikrotik,386,
1789913904-1669380,2026-09-21T23:16:18+02:00,1790025378,parallel,build,14_bar-key,14_bar,lantiq-xway,325,
1789913904-1669380,2026-09-21T23:16:23+02:00,1790025383,parallel,build,47_roes,47_roes,mpc85xx-p1020,339,
1789913904-1669380,2026-09-21T23:16:33+02:00,1790025393,parallel,build,20_grt,20_grt,rockchip-armv8,342,
1789913904-1669380,2026-09-21T23:17:15+02:00,1790025435,parallel,build,15_mrh,15_mrh,ramips-mt76x8,341,
1789913904-1669380,2026-09-21T23:21:50+02:00,1790025710,parallel,build,14_bar,14_bar,lantiq-xway,327,
1789913904-1669380,2026-09-21T23:21:57+02:00,1790025717,parallel,build,20_grt-key,20_grt,ath79-mikrotik,366,
1789913904-1669380,2026-09-21T23:22:12+02:00,1790025732,parallel,build,22_dusukn-key,22_dusukn,rockchip-armv8,336,
1789913904-1669380,2026-09-21T23:23:36+02:00,1790025816,parallel,build,16_gmb-key,16_gmb,ramips-mt76x8,351,
1789913904-1669380,2026-09-21T23:27:15+02:00,1790026035,parallel,build,15_mrh-key,15_mrh,lantiq-xway,318,
1789913904-1669380,2026-09-21T23:28:10+02:00,1790026090,parallel,build,22_dusukn,22_dusukn,rockchip-armv8,355,
1789913904-1669380,2026-09-21T23:28:21+02:00,1790026101,parallel,build,20_grt,20_grt,ath79-mikrotik,381,
1789913904-1669380,2026-09-21T23:30:13+02:00,1790026213,parallel,build,16_gmb,16_gmb,ramips-mt76x8,373,
1789913904-1669380,2026-09-21T23:33:12+02:00,1790026392,parallel,build,15_mrh,15_mrh,lantiq-xway,327,
1789913904-1669380,2026-09-21T23:33:56+02:00,1790026436,parallel,build,23_dusuks-key,23_dusuks,rockchip-armv8,343,
1789913904-1669380,2026-09-21T23:34:31+02:00,1790026471,parallel,build,22_dusukn-key,22_dusukn,ath79-mikrotik,368,
1789913904-1669380,2026-09-21T23:35:55+02:00,1790026555,parallel,build,17_wip-key,17_wip,ramips-mt76x8,329,
1789913904-1669380,2026-09-21T23:38:04+02:00,1790026684,parallel,build,16_gmb-key,16_gmb,lantiq-xway,287,
1789913904-1669380,2026-09-21T23:39:21+02:00,1790026761,parallel,build,23_dusuks,23_dusuks,rockchip-armv8,294,
1789913904-1669380,2026-09-21T23:39:56+02:00,1790026796,parallel,build,22_dusukn,22_dusukn,ath79-mikrotik,320,
1789913904-1669380,2026-09-21T23:41:37+02:00,1790026897,parallel,build,17_wip,17_wip,ramips-mt76x8,311,
1789913904-1669380,2026-09-21T23:43:53+02:00,1790027033,parallel,build,16_gmb,16_gmb,lantiq-xway,323,
1789913904-1669380,2026-09-21T23:45:00+02:00,1790027100,parallel,build,24_dusukw-key,24_dusukw,rockchip-armv8,334,
1789913904-1669380,2026-09-21T23:46:01+02:00,1790027161,parallel,build,23_dusuks-key,23_dusuks,ath79-mikrotik,360,
1789913904-1669380,2026-09-21T23:47:20+02:00,1790027240,parallel,build,19_agi-key,19_agi,ramips-mt76x8,322,
1789913904-1669380,2026-09-21T23:48:48+02:00,1790027328,parallel,build,17_wip-key,17_wip,lantiq-xway,293,
1789913904-1669380,2026-09-21T23:50:16+02:00,1790027416,parallel,build,24_dusukw,24_dusukw,rockchip-armv8,309,
1789913904-1669380,2026-09-21T23:51:33+02:00,1790027493,parallel,build,23_dusuks,23_dusuks,ath79-mikrotik,327,
1789913904-1669380,2026-09-21T23:52:36+02:00,1790027556,parallel,build,19_agi,19_agi,ramips-mt76x8,309,
1789913904-1669380,2026-09-21T23:53:52+02:00,1790027632,parallel,build,17_wip,17_wip,lantiq-xway,277,
1789913904-1669380,2026-09-21T23:55:39+02:00,1790027739,parallel,build,30_sol-key,30_sol,rockchip-armv8,318,
1789913904-1669380,2026-09-21T23:57:52+02:00,1790027872,parallel,build,24_dusukw-key,24_dusukw,ath79-mikrotik,357,
1789913904-1669380,2026-09-21T23:58:48+02:00,1790027928,parallel,build,20_grt-key,20_grt,ramips-mt76x8,365,
1789913904-1669380,2026-09-21T23:59:19+02:00,1790027959,parallel,build,19_agi-key,19_agi,lantiq-xway,300,
1789913904-1669380,2026-09-22T00:01:10+02:00,1790028070,parallel,build,30_sol,30_sol,rockchip-armv8,326,
1789913904-1669380,2026-09-22T00:04:12+02:00,1790028252,parallel,build,24_dusukw,24_dusukw,ath79-mikrotik,352,
1789913904-1669380,2026-09-22T00:04:43+02:00,1790028283,parallel,build,20_grt,20_grt,ramips-mt76x8,350,
1789913904-1669380,2026-09-22T00:04:51+02:00,1790028291,parallel,build,19_agi,19_agi,lantiq-xway,329,
1789913904-1669380,2026-09-22T00:06:40+02:00,1790028400,parallel,build,18_nefuk-key,18_nefuk,rockchip-armv8,328,
1789913904-1669380,2026-09-22T00:09:55+02:00,1790028595,parallel,build,20_grt-key,20_grt,lantiq-xway,303,
1789913904-1669380,2026-09-22T00:10:27+02:00,1790028627,parallel,build,22_dusukn-key,22_dusukn,ramips-mt76x8,342,
1789913904-1669380,2026-09-22T00:10:29+02:00,1790028629,parallel,build,30_sol-key,30_sol,ath79-mikrotik,356,
1789913904-1669380,2026-09-22T00:12:11+02:00,1790028731,parallel,build,18_nefuk,18_nefuk,rockchip-armv8,328,
1789913904-1669380,2026-09-22T00:15:13+02:00,1790028913,parallel,build,20_grt,20_grt,lantiq-xway,299,
1789913904-1669380,2026-09-22T00:15:57+02:00,1790028957,parallel,build,22_dusukn,22_dusukn,ramips-mt76x8,324,
1789913904-1669380,2026-09-22T00:16:12+02:00,1790028972,parallel,build,30_sol,30_sol,ath79-mikrotik,339,
1789913904-1669380,2026-09-22T00:17:31+02:00,1790029051,parallel,build,31_lvrno-key,31_lvrno,rockchip-armv8,317,
1789913904-1669380,2026-09-22T00:20:11+02:00,1790029211,parallel,build,22_dusukn-key,22_dusukn,lantiq-xway,293,
1789913904-1669380,2026-09-22T00:21:38+02:00,1790029298,parallel,build,23_dusuks-key,23_dusuks,ramips-mt76x8,313,
1789913904-1669380,2026-09-22T00:22:29+02:00,1790029349,parallel,build,18_nefuk-key,18_nefuk,ath79-mikrotik,364,
1789913904-1669380,2026-09-22T00:23:33+02:00,1790029413,parallel,build,31_lvrno,31_lvrno,rockchip-armv8,357,
1789913904-1669380,2026-09-22T00:26:26+02:00,1790029586,parallel,build,22_dusukn,22_dusukn,lantiq-xway,368,
1789913904-1669380,2026-09-22T00:28:13+02:00,1790029693,parallel,build,23_dusuks,23_dusuks,ramips-mt76x8,360,
1789913904-1669380,2026-09-22T00:29:22+02:00,1790029762,parallel,build,18_nefuk,18_nefuk,ath79-mikrotik,390,
1789913904-1669380,2026-09-22T00:29:39+02:00,1790029779,parallel,build,32_lvrnw-key,32_lvrnw,rockchip-armv8,363,
1789913904-1669380,2026-09-22T00:31:53+02:00,1790029913,parallel,build,23_dusuks-key,23_dusuks,lantiq-xway,323,
1789913904-1669380,2026-09-22T00:33:58+02:00,1790030038,parallel,build,24_dusukw-key,24_dusukw,ramips-mt76x8,314,
1789913904-1669380,2026-09-22T00:34:53+02:00,1790030093,parallel,build,32_lvrnw,32_lvrnw,rockchip-armv8,312,
1789913904-1669380,2026-09-22T00:35:01+02:00,1790030101,parallel,build,31_lvrno-key,31_lvrno,ath79-mikrotik,335,
1789913904-1669380,2026-09-22T00:37:12+02:00,1790030232,parallel,build,23_dusuks,23_dusuks,lantiq-xway,315,
1789913904-1669380,2026-09-22T00:39:43+02:00,1790030383,parallel,build,24_dusukw,24_dusukw,ramips-mt76x8,338,
1789913904-1669380,2026-09-22T00:40:48+02:00,1790030448,parallel,build,33_lvrmo-key,33_lvrmo,rockchip-armv8,335,
1789913904-1669380,2026-09-22T00:41:12+02:00,1790030472,parallel,build,31_lvrno,31_lvrno,ath79-mikrotik,359,
1789913904-1669380,2026-09-22T00:42:26+02:00,1790030546,parallel,build,24_dusukw-key,24_dusukw,lantiq-xway,312,
1789913904-1669380,2026-09-22T00:45:44+02:00,1790030744,parallel,build,30_sol-key,30_sol,ramips-mt76x8,355,
1789913904-1669380,2026-09-22T00:47:04+02:00,1790030824,parallel,build,33_lvrmo,33_lvrmo,rockchip-armv8,349,
1789913904-1669380,2026-09-22T00:47:29+02:00,1790030849,parallel,build,32_lvrnw-key,32_lvrnw,ath79-mikrotik,372,
1789913904-1669380,2026-09-22T00:48:03+02:00,1790030883,parallel,build,24_dusukw,24_dusukw,lantiq-xway,317,
1789913904-1669380,2026-09-22T00:51:35+02:00,1790031095,parallel,build,30_sol,30_sol,ramips-mt76x8,328,
1789913904-1669380,2026-09-22T00:52:49+02:00,1790031169,parallel,build,34_lvrmw-key,34_lvrmw,rockchip-armv8,320,
1789913904-1669380,2026-09-22T00:53:44+02:00,1790031224,parallel,build,32_lvrnw,32_lvrnw,ath79-mikrotik,370,
1789913904-1669380,2026-09-22T00:53:56+02:00,1790031236,parallel,build,30_sol-key,30_sol,lantiq-xway,352,
1789913904-1669380,2026-09-22T00:57:44+02:00,1790031464,parallel,build,18_nefuk-key,18_nefuk,ramips-mt76x8,334,
1789913904-1669380,2026-09-22T00:58:44+02:00,1790031524,parallel,build,34_lvrmw,34_lvrmw,rockchip-armv8,311,
1789913904-1669380,2026-09-22T00:58:54+02:00,1790031534,parallel,build,30_sol,30_sol,lantiq-xway,297,
1789913904-1669380,2026-09-22T00:59:17+02:00,1790031557,parallel,build,33_lvrmo-key,33_lvrmo,ath79-mikrotik,331,
1789913904-1669380,2026-09-22T01:03:02+02:00,1790031782,parallel,build,18_nefuk,18_nefuk,ramips-mt76x8,308,
1789913904-1669380,2026-09-22T01:03:59+02:00,1790031839,parallel,build,18_nefuk-key,18_nefuk,lantiq-xway,293,
1789913904-1669380,2026-09-22T01:04:09+02:00,1790031849,parallel,build,35_lvrso-key,35_lvrso,rockchip-armv8,302,
1789913904-1669380,2026-09-22T01:04:47+02:00,1790031887,parallel,build,33_lvrmo,33_lvrmo,ath79-mikrotik,327,
1789913904-1669380,2026-09-22T01:09:28+02:00,1790032168,parallel,build,31_lvrno-key,31_lvrno,ramips-mt76x8,359,
1789913904-1669380,2026-09-22T01:10:34+02:00,1790032234,parallel,build,18_nefuk,18_nefuk,lantiq-xway,366,
1789913904-1669380,2026-09-22T01:10:46+02:00,1790032246,parallel,build,35_lvrso,35_lvrso,rockchip-armv8,378,
1789913904-1669380,2026-09-22T01:11:25+02:00,1790032285,parallel,build,34_lvrmw-key,34_lvrmw,ath79-mikrotik,395,
1789913904-1669380,2026-09-22T01:15:19+02:00,1790032519,parallel,build,31_lvrno,31_lvrno,ramips-mt76x8,320,
1789913904-1669380,2026-09-22T01:15:45+02:00,1790032545,parallel,build,31_lvrno-key,31_lvrno,lantiq-xway,305,
1789913904-1669380,2026-09-22T01:16:13+02:00,1790032573,parallel,build,36_lvrsw-key,36_lvrsw,rockchip-armv8,324,
1789913904-1669380,2026-09-22T01:17:08+02:00,1790032628,parallel,build,34_lvrmw,34_lvrmw,ath79-mikrotik,339,
1789913904-1669380,2026-09-22T01:21:05+02:00,1790032865,parallel,build,32_lvrnw-key,32_lvrnw,ramips-mt76x8,338,
1789913904-1669380,2026-09-22T01:21:14+02:00,1790032874,parallel,build,31_lvrno,31_lvrno,lantiq-xway,324,
1789913904-1669380,2026-09-22T01:21:51+02:00,1790032911,parallel,build,36_lvrsw,36_lvrsw,rockchip-armv8,336,
1789913904-1669380,2026-09-22T01:23:22+02:00,1790033002,parallel,build,35_lvrso-key,35_lvrso,ath79-mikrotik,368,
1789913904-1669380,2026-09-22T01:26:38+02:00,1790033198,parallel,build,32_lvrnw-key,32_lvrnw,lantiq-xway,322,
1789913904-1669380,2026-09-22T01:27:18+02:00,1790033238,parallel,build,32_lvrnw,32_lvrnw,ramips-mt76x8,365,
1789913904-1669380,2026-09-22T01:27:47+02:00,1790033267,parallel,build,37_siwin-key,37_siwin,rockchip-armv8,353,
1789913904-1669380,2026-09-22T01:29:46+02:00,1790033386,parallel,build,35_lvrso,35_lvrso,ath79-mikrotik,379,
1789913904-1669380,2026-09-22T01:32:13+02:00,1790033533,parallel,build,32_lvrnw,32_lvrnw,lantiq-xway,311,
1789913904-1669380,2026-09-22T01:33:10+02:00,1790033590,parallel,build,33_lvrmo-key,33_lvrmo,ramips-mt76x8,347,
1789913904-1669380,2026-09-22T01:33:39+02:00,1790033619,parallel,build,37_siwin,37_siwin,rockchip-armv8,350,
1789913904-1669380,2026-09-22T01:36:06+02:00,1790033766,parallel,build,36_lvrsw-key,36_lvrsw,ath79-mikrotik,377,
1789913904-1669380,2026-09-22T01:38:12+02:00,1790033892,parallel,build,33_lvrmo-key,33_lvrmo,lantiq-xway,341,
1789913904-1669380,2026-09-22T01:39:19+02:00,1790033959,parallel,build,33_lvrmo,33_lvrmo,ramips-mt76x8,356,
1789913904-1669380,2026-09-22T01:39:31+02:00,1790033971,parallel,build,38_siwiw-key,38_siwiw,rockchip-armv8,349,
1789913904-1669380,2026-09-22T01:42:16+02:00,1790034136,parallel,build,36_lvrsw,36_lvrsw,ath79-mikrotik,368,
1789913904-1669380,2026-09-22T01:43:18+02:00,1790034198,parallel,build,33_lvrmo,33_lvrmo,lantiq-xway,302,
1789913904-1669380,2026-09-22T01:44:36+02:00,1790034276,parallel,build,38_siwiw,38_siwiw,rockchip-armv8,304,
1789913904-1669380,2026-09-22T01:44:59+02:00,1790034299,parallel,build,34_lvrmw-key,34_lvrmw,ramips-mt76x8,333,
1789913904-1669380,2026-09-22T01:48:20+02:00,1790034500,parallel,build,37_siwin-key,37_siwin,ath79-mikrotik,360,
1789913904-1669380,2026-09-22T01:48:59+02:00,1790034539,parallel,build,34_lvrmw-key,34_lvrmw,lantiq-xway,334,
1789913904-1669380,2026-09-22T01:50:53+02:00,1790034653,parallel,build,39_sin-key,39_sin,rockchip-armv8,357,
1789913904-1669380,2026-09-22T01:51:09+02:00,1790034669,parallel,build,34_lvrmw,34_lvrmw,ramips-mt76x8,367,
1789913904-1669380,2026-09-22T01:54:40+02:00,1790034880,parallel,build,37_siwin,37_siwin,ath79-mikrotik,377,
1789913904-1669380,2026-09-22T01:54:49+02:00,1790034889,parallel,build,34_lvrmw,34_lvrmw,lantiq-xway,331,
1789913904-1669380,2026-09-22T01:56:37+02:00,1790034997,parallel,build,39_sin,39_sin,rockchip-armv8,323,
1789913904-1669380,2026-09-22T01:56:50+02:00,1790035010,parallel,build,35_lvrso-key,35_lvrso,ramips-mt76x8,332,
1789913904-1669380,2026-09-22T01:59:56+02:00,1790035196,parallel,build,35_lvrso-key,35_lvrso,lantiq-xway,304,
1789913904-1669380,2026-09-22T02:00:32+02:00,1790035232,parallel,build,38_siwiw-key,38_siwiw,ath79-mikrotik,348,
1789913904-1669380,2026-09-22T02:02:08+02:00,1790035328,parallel,build,40_sim-key,40_sim,rockchip-armv8,324,
1789913904-1669380,2026-09-22T02:02:56+02:00,1790035376,parallel,build,35_lvrso,35_lvrso,ramips-mt76x8,363,
1789913904-1669380,2026-09-22T02:05:33+02:00,1790035533,parallel,build,35_lvrso,35_lvrso,lantiq-xway,316,
1789913904-1669380,2026-09-22T02:06:28+02:00,1790035588,parallel,build,38_siwiw,38_siwiw,ath79-mikrotik,352,
1789913904-1669380,2026-09-22T02:07:39+02:00,1790035659,parallel,build,40_sim,40_sim,rockchip-armv8,301,
1789913904-1669380,2026-09-22T02:08:22+02:00,1790035702,parallel,build,36_lvrsw-key,36_lvrsw,ramips-mt76x8,323,
1789913904-1669380,2026-09-22T02:10:28+02:00,1790035828,parallel,build,36_lvrsw-key,36_lvrsw,lantiq-xway,292,
1789913904-1669380,2026-09-22T02:12:18+02:00,1790035938,parallel,build,39_sin-key,39_sin,ath79-mikrotik,328,
1789913904-1669380,2026-09-22T02:13:25+02:00,1790036005,parallel,build,41_sis-key,41_sis,rockchip-armv8,326,
1789913904-1669380,2026-09-22T02:14:05+02:00,1790036045,parallel,build,36_lvrsw,36_lvrsw,ramips-mt76x8,339,
1789913904-1669380,2026-09-22T02:15:45+02:00,1790036145,parallel,build,36_lvrsw,36_lvrsw,lantiq-xway,313,
1789913904-1669380,2026-09-22T02:18:23+02:00,1790036303,parallel,build,39_sin,39_sin,ath79-mikrotik,347,
1789913904-1669380,2026-09-22T02:18:45+02:00,1790036325,parallel,build,41_sis,41_sis,rockchip-armv8,316,
1789913904-1669380,2026-09-22T02:19:57+02:00,1790036397,parallel,build,37_siwin-key,37_siwin,ramips-mt76x8,328,
1789913904-1669380,2026-09-22T02:20:48+02:00,1790036448,parallel,build,37_siwin-key,37_siwin,lantiq-xway,299,
1789913904-1669380,2026-09-22T02:24:09+02:00,1790036649,parallel,build,42_siwil-key,42_siwil,rockchip-armv8,322,
1789913904-1669380,2026-09-22T02:24:35+02:00,1790036675,parallel,build,40_sim-key,40_sim,ath79-mikrotik,348,
1789913904-1669380,2026-09-22T02:25:59+02:00,1790036759,parallel,build,37_siwin,37_siwin,lantiq-xway,308,
1789913904-1669380,2026-09-22T02:26:21+02:00,1790036781,parallel,build,37_siwin,37_siwin,ramips-mt76x8,357,
1789913904-1669380,2026-09-22T02:30:29+02:00,1790037029,parallel,build,42_siwil,42_siwil,rockchip-armv8,375,
1789913904-1669380,2026-09-22T02:31:38+02:00,1790037098,parallel,build,40_sim,40_sim,ath79-mikrotik,418,
1789913904-1669380,2026-09-22T02:32:28+02:00,1790037148,parallel,build,38_siwiw-key,38_siwiw,lantiq-xway,365,
1789913904-1669380,2026-09-22T02:33:00+02:00,1790037180,parallel,build,38_siwiw-key,38_siwiw,ramips-mt76x8,397,
1789913904-1669380,2026-09-22T02:36:11+02:00,1790037371,parallel,build,43_bggl-key,43_bggl,rockchip-armv8,315,
1789913904-1669380,2026-09-22T02:37:16+02:00,1790037436,parallel,build,41_sis-key,41_sis,ath79-mikrotik,334,
1789913904-1669380,2026-09-22T02:37:49+02:00,1790037469,parallel,build,38_siwiw,38_siwiw,lantiq-xway,313,
1789913904-1669380,2026-09-22T02:38:20+02:00,1790037500,parallel,build,38_siwiw,38_siwiw,ramips-mt76x8,315,
1789913904-1669380,2026-09-22T02:41:22+02:00,1790037682,parallel,build,43_bggl,43_bggl,rockchip-armv8,307,
1789913904-1669380,2026-09-22T02:42:53+02:00,1790037773,parallel,build,39_sin-key,39_sin,lantiq-xway,298,
1789913904-1669380,2026-09-22T02:43:05+02:00,1790037785,parallel,build,41_sis,41_sis,ath79-mikrotik,338,
1789913904-1669380,2026-09-22T02:43:48+02:00,1790037828,parallel,build,39_sin-key,39_sin,ramips-mt76x8,323,
1789913904-1669380,2026-09-22T02:46:47+02:00,1790038007,parallel,build,44_llng-key,44_llng,rockchip-armv8,306,
1789913904-1669380,2026-09-22T02:48:21+02:00,1790038101,parallel,build,39_sin,39_sin,lantiq-xway,319,
1789913904-1669380,2026-09-22T02:48:59+02:00,1790038139,parallel,build,42_siwil-key,42_siwil,ath79-mikrotik,351,
1789913904-1669380,2026-09-22T02:49:42+02:00,1790038182,parallel,build,39_sin,39_sin,ramips-mt76x8,349,
1789913904-1669380,2026-09-22T02:52:30+02:00,1790038350,parallel,build,44_llng,44_llng,rockchip-armv8,316,
1789913904-1669380,2026-09-22T02:53:34+02:00,1790038414,parallel,build,40_sim-key,40_sim,lantiq-xway,306,
1789913904-1669380,2026-09-22T02:55:25+02:00,1790038525,parallel,build,42_siwil,42_siwil,ath79-mikrotik,368,
1789913904-1669380,2026-09-22T02:56:14+02:00,1790038574,parallel,build,40_sim-key,40_sim,ramips-mt76x8,369,
1789913904-1669380,2026-09-22T02:58:16+02:00,1790038696,parallel,build,45_brsd-key,45_brsd,rockchip-armv8,342,
1789913904-1669380,2026-09-22T02:59:08+02:00,1790038748,parallel,build,40_sim,40_sim,lantiq-xway,310,
1789913904-1669380,2026-09-22T03:01:29+02:00,1790038889,parallel,build,43_bggl-key,43_bggl,ath79-mikrotik,346,
1789913904-1669380,2026-09-22T03:02:09+02:00,1790038929,parallel,build,40_sim,40_sim,ramips-mt76x8,332,
1789913904-1669380,2026-09-22T03:03:30+02:00,1790039010,parallel,build,45_brsd,45_brsd,rockchip-armv8,310,
1789913904-1669380,2026-09-22T03:04:21+02:00,1790039061,parallel,build,41_sis-key,41_sis,lantiq-xway,311,
1789913904-1669380,2026-09-22T03:07:32+02:00,1790039252,parallel,build,43_bggl,43_bggl,ath79-mikrotik,347,
1789913904-1669380,2026-09-22T03:07:43+02:00,1790039263,parallel,build,41_sis-key,41_sis,ramips-mt76x8,326,
1789913904-1669380,2026-09-22T03:08:42+02:00,1790039322,parallel,build,46_odth-key,46_odth,rockchip-armv8,308,
1789913904-1669380,2026-09-22T03:09:43+02:00,1790039383,parallel,build,41_sis,41_sis,lantiq-xway,319,
1789913904-1669380,2026-09-22T03:13:29+02:00,1790039609,parallel,build,41_sis,41_sis,ramips-mt76x8,342,
1789913904-1669380,2026-09-22T03:13:43+02:00,1790039623,parallel,build,44_llng-key,44_llng,ath79-mikrotik,363,
1789913904-1669380,2026-09-22T03:14:51+02:00,1790039691,parallel,build,46_odth,46_odth,rockchip-armv8,341,
1789913904-1669380,2026-09-22T03:15:02+02:00,1790039702,parallel,build,42_siwil-key,42_siwil,lantiq-xway,318,
1789913904-1669380,2026-09-22T03:19:39+02:00,1790039979,parallel,build,42_siwil-key,42_siwil,ramips-mt76x8,346,
1789913904-1669380,2026-09-22T03:20:19+02:00,1790040019,parallel,build,44_llng,44_llng,ath79-mikrotik,385,
1789913904-1669380,2026-09-22T03:21:01+02:00,1790040061,parallel,build,42_siwil,42_siwil,lantiq-xway,351,
1789913904-1669380,2026-09-22T03:21:14+02:00,1790040074,parallel,build,47_roes-key,47_roes,rockchip-armv8,367,
1789913904-1669380,2026-09-22T03:26:24+02:00,1790040384,parallel,build,42_siwil,42_siwil,ramips-mt76x8,374,
1789913904-1669380,2026-09-22T03:27:11+02:00,1790040431,parallel,build,45_brsd-key,45_brsd,ath79-mikrotik,410,
1789913904-1669380,2026-09-22T03:27:18+02:00,1790040438,parallel,build,43_bggl-key,43_bggl,lantiq-xway,372,
1789913904-1669380,2026-09-22T03:27:34+02:00,1790040454,parallel,build,47_roes,47_roes,rockchip-armv8,378,
1789913904-1669380,2026-09-22T03:32:01+02:00,1790040721,parallel,build,43_bggl-key,43_bggl,ramips-mt76x8,314,
1789913904-1669380,2026-09-22T03:32:23+02:00,1790040743,parallel,build,43_bggl,43_bggl,lantiq-xway,304,
1789913904-1669380,2026-09-22T03:32:57+02:00,1790040777,parallel,build,45_brsd,45_brsd,ath79-mikrotik,340,
1789913904-1669380,2026-09-22T03:37:26+02:00,1790041046,parallel,build,44_llng-key,44_llng,lantiq-xway,299,
1789913904-1669380,2026-09-22T03:37:40+02:00,1790041060,parallel,build,43_bggl,43_bggl,ramips-mt76x8,313,
1789913904-1669380,2026-09-22T03:38:32+02:00,1790041112,parallel,build,46_odth-key,46_odth,ath79-mikrotik,333,
1789913904-1669380,2026-09-22T03:42:23+02:00,1790041343,parallel,build,44_llng,44_llng,lantiq-xway,290,
1789913904-1669380,2026-09-22T03:43:09+02:00,1790041389,parallel,build,44_llng-key,44_llng,ramips-mt76x8,326,
1789913904-1669380,2026-09-22T03:44:04+02:00,1790041444,parallel,build,46_odth,46_odth,ath79-mikrotik,327,
1789913904-1669380,2026-09-22T03:47:37+02:00,1790041657,parallel,build,45_brsd-key,45_brsd,lantiq-xway,291,
1789913904-1669380,2026-09-22T03:48:51+02:00,1790041731,parallel,build,44_llng,44_llng,ramips-mt76x8,319,
1789913904-1669380,2026-09-22T03:49:45+02:00,1790041785,parallel,build,47_roes-key,47_roes,ath79-mikrotik,337,
1789913904-1669380,2026-09-22T03:52:18+02:00,1790041938,parallel,build,45_brsd,45_brsd,lantiq-xway,276,
1789913904-1669380,2026-09-22T03:54:05+02:00,1790042045,parallel,build,45_brsd-key,45_brsd,ramips-mt76x8,294,
1789913904-1669380,2026-09-22T03:55:01+02:00,1790042101,parallel,build,47_roes,47_roes,ath79-mikrotik,312,
1789913904-1669380,2026-09-22T03:57:09+02:00,1790042229,parallel,build,46_odth-key,46_odth,lantiq-xway,286,
1789913904-1669380,2026-09-22T03:59:17+02:00,1790042357,parallel,build,45_brsd,45_brsd,ramips-mt76x8,307,
1789913904-1669380,2026-09-22T04:01:43+02:00,1790042503,parallel,build,46_odth,46_odth,lantiq-xway,272,
1789913904-1669380,2026-09-22T04:04:15+02:00,1790042655,parallel,build,46_odth-key,46_odth,ramips-mt76x8,293,
1789913904-1669380,2026-09-22T04:06:20+02:00,1790042780,parallel,build,47_roes-key,47_roes,lantiq-xway,273,
1789913904-1669380,2026-09-22T04:09:05+02:00,1790042945,parallel,build,46_odth,46_odth,ramips-mt76x8,286,
1789913904-1669380,2026-09-22T04:11:02+02:00,1790043062,parallel,build,47_roes,47_roes,lantiq-xway,279,
1789913904-1669380,2026-09-22T04:14:10+02:00,1790043250,parallel,build,47_roes-key,47_roes,ramips-mt76x8,287,
1789913904-1669380,2026-09-22T04:18:42+02:00,1790043522,parallel,build,47_roes,47_roes,ramips-mt76x8,268,
1789913904-1669380,2026-09-22T04:19:44+02:00,1790043584,parallel,finalize,21_dias-key,21_dias,-,27,
1789913904-1669380,2026-09-22T04:20:11+02:00,1790043611,parallel,finalize,21_dias,21_dias,-,26,
1789913904-1669380,2026-09-22T04:20:32+02:00,1790043632,parallel,finalize,10_wlf-key,10_wlf,-,21,
1789913904-1669380,2026-09-22T04:20:52+02:00,1790043652,parallel,finalize,10_wlf,10_wlf,-,20,
1789913904-1669380,2026-09-22T04:21:13+02:00,1790043673,parallel,finalize,48_rdvw-key,48_rdvw,-,20,
1789913904-1669380,2026-09-22T04:21:33+02:00,1790043693,parallel,finalize,48_rdvw,48_rdvw,-,21,
1789913904-1669380,2026-09-22T04:21:54+02:00,1790043714,parallel,finalize,05_mon-key,05_mon,-,20,
1789913904-1669380,2026-09-22T04:22:15+02:00,1790043735,parallel,finalize,05_mon,05_mon,-,20,
1789913904-1669380,2026-09-22T04:22:35+02:00,1790043755,parallel,finalize,13_dusfl-key,13_dusfl,-,20,
1789913904-1669380,2026-09-22T04:22:55+02:00,1790043775,parallel,finalize,13_dusfl,13_dusfl,-,21,
1789913904-1669380,2026-09-22T04:23:15+02:00,1790043795,parallel,finalize,12_dusuk-key,12_dusuk,-,20,
1789913904-1669380,2026-09-22T04:23:35+02:00,1790043815,parallel,finalize,12_dusuk,12_dusuk,-,20,
1789913904-1669380,2026-09-22T04:23:56+02:00,1790043836,parallel,finalize,01_vel-key,01_vel,-,20,
1789913904-1669380,2026-09-22T04:24:16+02:00,1790043856,parallel,finalize,01_vel,01_vel,-,19,
1789913904-1669380,2026-09-22T04:24:36+02:00,1790043876,parallel,finalize,02_met-key,02_met,-,20,
1789913904-1669380,2026-09-22T04:24:55+02:00,1790043895,parallel,finalize,02_met,02_met,-,20,
1789913904-1669380,2026-09-22T04:25:15+02:00,1790043915,parallel,finalize,03_rat-key,03_rat,-,19,
1789913904-1669380,2026-09-22T04:25:35+02:00,1790043935,parallel,finalize,03_rat,03_rat,-,20,
1789913904-1669380,2026-09-22T04:25:55+02:00,1790043955,parallel,finalize,04_hld-key,04_hld,-,21,
1789913904-1669380,2026-09-22T04:26:15+02:00,1790043975,parallel,finalize,04_hld,04_hld,-,20,
1789913904-1669380,2026-09-22T04:26:35+02:00,1790043995,parallel,finalize,06_han-key,06_han,-,20,
1789913904-1669380,2026-09-22T04:26:55+02:00,1790044015,parallel,finalize,06_han,06_han,-,20,
1789913904-1669380,2026-09-22T04:27:15+02:00,1790044035,parallel,finalize,07_erk-key,07_erk,-,20,
1789913904-1669380,2026-09-22T04:27:35+02:00,1790044055,parallel,finalize,07_erk,07_erk,-,19,
1789913904-1669380,2026-09-22T04:27:55+02:00,1790044075,parallel,finalize,08_hlg-key,08_hlg,-,21,
1789913904-1669380,2026-09-22T04:28:15+02:00,1790044095,parallel,finalize,08_hlg,08_hlg,-,20,
1789913904-1669380,2026-09-22T04:28:35+02:00,1790044115,parallel,finalize,09_lgf-key,09_lgf,-,20,
1789913904-1669380,2026-09-22T04:28:56+02:00,1790044136,parallel,finalize,09_lgf,09_lgf,-,20,
1789913904-1669380,2026-09-22T04:29:15+02:00,1790044155,parallel,finalize,11_lvr-key,11_lvr,-,20,
1789913904-1669380,2026-09-22T04:29:35+02:00,1790044175,parallel,finalize,11_lvr,11_lvr,-,20,
1789913904-1669380,2026-09-22T04:29:55+02:00,1790044195,parallel,finalize,14_bar-key,14_bar,-,19,
1789913904-1669380,2026-09-22T04:30:15+02:00,1790044215,parallel,finalize,14_bar,14_bar,-,20,
1789913904-1669380,2026-09-22T04:30:35+02:00,1790044235,parallel,finalize,15_mrh-key,15_mrh,-,20,
1789913904-1669380,2026-09-22T04:30:54+02:00,1790044254,parallel,finalize,15_mrh,15_mrh,-,19,
1789913904-1669380,2026-09-22T04:31:14+02:00,1790044274,parallel,finalize,16_gmb-key,16_gmb,-,19,
1789913904-1669380,2026-09-22T04:31:34+02:00,1790044294,parallel,finalize,16_gmb,16_gmb,-,21,
1789913904-1669380,2026-09-22T04:31:55+02:00,1790044315,parallel,finalize,17_wip-key,17_wip,-,20,
1789913904-1669380,2026-09-22T04:32:15+02:00,1790044335,parallel,finalize,17_wip,17_wip,-,20,
1789913904-1669380,2026-09-22T04:32:34+02:00,1790044354,parallel,finalize,19_agi-key,19_agi,-,19,
1789913904-1669380,2026-09-22T04:32:54+02:00,1790044374,parallel,finalize,19_agi,19_agi,-,20,
1789913904-1669380,2026-09-22T04:33:14+02:00,1790044394,parallel,finalize,20_grt-key,20_grt,-,20,
1789913904-1669380,2026-09-22T04:33:34+02:00,1790044414,parallel,finalize,20_grt,20_grt,-,20,
1789913904-1669380,2026-09-22T04:33:54+02:00,1790044434,parallel,finalize,22_dusukn-key,22_dusukn,-,19,
1789913904-1669380,2026-09-22T04:34:14+02:00,1790044454,parallel,finalize,22_dusukn,22_dusukn,-,19,
1789913904-1669380,2026-09-22T04:34:34+02:00,1790044474,parallel,finalize,23_dusuks-key,23_dusuks,-,20,
1789913904-1669380,2026-09-22T04:34:54+02:00,1790044494,parallel,finalize,23_dusuks,23_dusuks,-,20,
1789913904-1669380,2026-09-22T04:35:14+02:00,1790044514,parallel,finalize,24_dusukw-key,24_dusukw,-,20,
1789913904-1669380,2026-09-22T04:35:33+02:00,1790044533,parallel,finalize,24_dusukw,24_dusukw,-,20,
1789913904-1669380,2026-09-22T04:35:53+02:00,1790044553,parallel,finalize,30_sol-key,30_sol,-,19,
1789913904-1669380,2026-09-22T04:36:12+02:00,1790044572,parallel,finalize,30_sol,30_sol,-,20,
1789913904-1669380,2026-09-22T04:36:32+02:00,1790044592,parallel,finalize,18_nefuk-key,18_nefuk,-,20,
1789913904-1669380,2026-09-22T04:36:52+02:00,1790044612,parallel,finalize,18_nefuk,18_nefuk,-,19,
1789913904-1669380,2026-09-22T04:37:12+02:00,1790044632,parallel,finalize,31_lvrno-key,31_lvrno,-,20,
1789913904-1669380,2026-09-22T04:37:31+02:00,1790044651,parallel,finalize,31_lvrno,31_lvrno,-,20,
1789913904-1669380,2026-09-22T04:37:51+02:00,1790044671,parallel,finalize,32_lvrnw-key,32_lvrnw,-,20,
1789913904-1669380,2026-09-22T04:38:12+02:00,1790044692,parallel,finalize,32_lvrnw,32_lvrnw,-,20,
1789913904-1669380,2026-09-22T04:38:31+02:00,1790044711,parallel,finalize,33_lvrmo-key,33_lvrmo,-,20,
1789913904-1669380,2026-09-22T04:38:52+02:00,1790044732,parallel,finalize,33_lvrmo,33_lvrmo,-,20,
1789913904-1669380,2026-09-22T04:39:12+02:00,1790044752,parallel,finalize,34_lvrmw-key,34_lvrmw,-,21,
1789913904-1669380,2026-09-22T04:39:32+02:00,1790044772,parallel,finalize,34_lvrmw,34_lvrmw,-,19,
1789913904-1669380,2026-09-22T04:39:52+02:00,1790044792,parallel,finalize,35_lvrso-key,35_lvrso,-,20,
1789913904-1669380,2026-09-22T04:40:12+02:00,1790044812,parallel,finalize,35_lvrso,35_lvrso,-,20,
1789913904-1669380,2026-09-22T04:40:32+02:00,1790044832,parallel,finalize,36_lvrsw-key,36_lvrsw,-,20,
1789913904-1669380,2026-09-22T04:40:52+02:00,1790044852,parallel,finalize,36_lvrsw,36_lvrsw,-,20,
1789913904-1669380,2026-09-22T04:41:12+02:00,1790044872,parallel,finalize,37_siwin-key,37_siwin,-,20,
1789913904-1669380,2026-09-22T04:41:32+02:00,1790044892,parallel,finalize,37_siwin,37_siwin,-,20,
1789913904-1669380,2026-09-22T04:41:53+02:00,1790044913,parallel,finalize,38_siwiw-key,38_siwiw,-,20,
1789913904-1669380,2026-09-22T04:42:13+02:00,1790044933,parallel,finalize,38_siwiw,38_siwiw,-,20,
1789913904-1669380,2026-09-22T04:42:32+02:00,1790044952,parallel,finalize,39_sin-key,39_sin,-,20,
1789913904-1669380,2026-09-22T04:42:52+02:00,1790044972,parallel,finalize,39_sin,39_sin,-,20,
1789913904-1669380,2026-09-22T04:43:12+02:00,1790044992,parallel,finalize,40_sim-key,40_sim,-,20,
1789913904-1669380,2026-09-22T04:43:33+02:00,1790045013,parallel,finalize,40_sim,40_sim,-,20,
1789913904-1669380,2026-09-22T04:43:53+02:00,1790045033,parallel,finalize,41_sis-key,41_sis,-,20,
1789913904-1669380,2026-09-22T04:44:12+02:00,1790045052,parallel,finalize,41_sis,41_sis,-,19,
1789913904-1669380,2026-09-22T04:44:32+02:00,1790045072,parallel,finalize,42_siwil-key,42_siwil,-,19,
1789913904-1669380,2026-09-22T04:44:52+02:00,1790045092,parallel,finalize,42_siwil,42_siwil,-,21,
1789913904-1669380,2026-09-22T04:45:13+02:00,1790045113,parallel,finalize,43_bggl-key,43_bggl,-,20,
1789913904-1669380,2026-09-22T04:45:33+02:00,1790045133,parallel,finalize,43_bggl,43_bggl,-,20,
1789913904-1669380,2026-09-22T04:45:52+02:00,1790045152,parallel,finalize,44_llng-key,44_llng,-,20,
1789913904-1669380,2026-09-22T04:46:12+02:00,1790045172,parallel,finalize,44_llng,44_llng,-,20,
1789913904-1669380,2026-09-22T04:46:33+02:00,1790045193,parallel,finalize,45_brsd-key,45_brsd,-,20,
1789913904-1669380,2026-09-22T04:46:54+02:00,1790045214,parallel,finalize,45_brsd,45_brsd,-,20,
1789913904-1669380,2026-09-22T04:47:15+02:00,1790045235,parallel,finalize,46_odth-key,46_odth,-,20,
1789913904-1669380,2026-09-22T04:47:34+02:00,1790045254,parallel,finalize,46_odth,46_odth,-,19,
1789913904-1669380,2026-09-22T04:47:54+02:00,1790045274,parallel,finalize,47_roes-key,47_roes,-,19,
1789913904-1669380,2026-09-22T04:48:14+02:00,1790045294,parallel,finalize,47_roes,47_roes,-,19,
